Renaissance Investment Management,2016-03-31,Adhesion,-0.23000000,1,1
Lazard Asset Management LLC,2016-03-31,Ameriprise,25.61800000,1,8
Franklin Templeton,2016-03-31,Ameriprise,5.05946260,2,8
Legg Mason,2016-03-31,Ameriprise,2.39880299,3,8
GW&K Investment Management  ,2016-03-31,Ameriprise,1.35051114,4,8
Lord Abbett,2016-03-31,Ameriprise,0.80000000,5,8
Renaissance Investment Management,2016-03-31,Ameriprise,-0.33000000,6,8
Invesco,2016-03-31,Ameriprise,-0.58823395,7,8
Principal,2016-03-31,Ameriprise,-3.25742435,8,8
Legg Mason,2016-03-31,Citi,65.35956249,1,8
Principal,2016-03-31,Citi,3.07845031,2,8
Lord Abbett,2016-03-31,Citi,1.80000000,3,8
Invesco,2016-03-31,Citi,-0.00792253,4,8
Franklin Templeton,2016-03-31,Citi,-0.43043561,5,8
Renaissance Investment Management,2016-03-31,Citi,-0.75000000,6,8
Brandes,2016-03-31,Citi,-1.19109251,7,8
Allianz Global Investors,2016-03-31,Citi,-3.94410900,8,8
Lazard Asset Management LLC,2016-03-31,Edward Jones,19.52300000,1,4
Legg Mason,2016-03-31,Edward Jones,16.76862114,2,4
GW&K Investment Management  ,2016-03-31,Edward Jones,-7.51960946,3,4
Franklin Templeton,2016-03-31,Edward Jones,-9.05545815,4,4
Legg Mason,2016-03-31,Janney,21.30681898,1,6
Lazard Asset Management LLC,2016-03-31,Janney,1.56600000,2,6
Anchor Capital LLC,2016-03-31,Janney,0.44600000,3,6
Brandes,2016-03-31,Janney,-0.01969689,4,6
Renaissance Investment Management,2016-03-31,Janney,-0.02000000,5,6
Lord Abbett,2016-03-31,Janney,-0.10000000,6,6
Lord Abbett,2016-03-31,LPL,11.60000000,1,8
Renaissance Investment Management,2016-03-31,LPL,3.31000000,2,8
Legg Mason,2016-03-31,LPL,2.77388980,3,8
GW&K Investment Management  ,2016-03-31,LPL,2.39046040,4,8
Franklin Templeton,2016-03-31,LPL,0.21672178,5,8
Lazard Asset Management LLC,2016-03-31,LPL,-0.33700000,6,8
Anchor Capital LLC,2016-03-31,LPL,-0.35800000,7,8
Invesco,2016-03-31,LPL,-10.81206417,8,8
Legg Mason,2016-03-31,Merrill,534.03347125,1,10
GW&K Investment Management  ,2016-03-31,Merrill,381.94732323,2,10
Lord Abbett,2016-03-31,Merrill,201.00000000,3,10
Principal,2016-03-31,Merrill,51.95794625,4,10
Anchor Capital LLC,2016-03-31,Merrill,3.39000000,5,10
Renaissance Investment Management,2016-03-31,Merrill,0.66000000,6,10
Lazard Asset Management LLC,2016-03-31,Merrill,-0.41600000,7,10
Brandes,2016-03-31,Merrill,-1.33072715,8,10
Invesco,2016-03-31,Merrill,-49.11132653,9,10
Franklin Templeton,2016-03-31,Merrill,-56.01313121,10,10
Lazard Asset Management LLC,2016-03-31,MSWM,148.90300000,1,11
GW&K Investment Management  ,2016-03-31,MSWM,88.45073964,2,11
Principal,2016-03-31,MSWM,70.22640504,3,11
Franklin Templeton,2016-03-31,MSWM,39.71480545,4,11
Renaissance Investment Management,2016-03-31,MSWM,36.01000000,5,11
Anchor Capital LLC,2016-03-31,MSWM,9.22000000,6,11
Lord Abbett,2016-03-31,MSWM,2.00000000,7,11
Invesco,2016-03-31,MSWM,-54.59401156,8,11
Brandes,2016-03-31,MSWM,-59.39460190,9,11
Allianz Global Investors,2016-03-31,MSWM,-108.31974000,10,11
Legg Mason,2016-03-31,MSWM,-193.67369567,11,11
GW&K Investment Management  ,2016-03-31,Oppenheimer,10.60533419,1,4
Invesco,2016-03-31,Oppenheimer,-0.05553867,2,4
Legg Mason,2016-03-31,Oppenheimer,-1.99477555,3,4
Brandes,2016-03-31,Oppenheimer,-2.10857134,4,4
Principal,2016-03-31,PNC,9.65298273,1,5
GW&K Investment Management  ,2016-03-31,PNC,8.45153013,2,5
Franklin Templeton,2016-03-31,PNC,-0.00600000,3,5
Legg Mason,2016-03-31,PNC,-0.26013291,4,5
Invesco,2016-03-31,PNC,-0.84504244,5,5
Legg Mason,2016-03-31,Raymond James,50.94723315,1,10
Lord Abbett,2016-03-31,Raymond James,40.10000000,2,10
GW&K Investment Management  ,2016-03-31,Raymond James,31.75501100,3,10
Lazard Asset Management LLC,2016-03-31,Raymond James,11.42000000,4,10
Invesco,2016-03-31,Raymond James,1.35237551,5,10
Anchor Capital LLC,2016-03-31,Raymond James,0.85000000,6,10
Brandes,2016-03-31,Raymond James,-0.12309213,7,10
Franklin Templeton,2016-03-31,Raymond James,-0.68402423,8,10
Principal,2016-03-31,Raymond James,-1.51102058,9,10
Allianz Global Investors,2016-03-31,Raymond James,-1.65505300,10,10
Anchor Capital LLC,2016-03-31,RBC,3.51200000,1,9
Legg Mason,2016-03-31,RBC,2.21601616,2,9
Lazard Asset Management LLC,2016-03-31,RBC,1.80700000,3,9
Franklin Templeton,2016-03-31,RBC,0.49997201,4,9
GW&K Investment Management  ,2016-03-31,RBC,-0.67330255,5,9
Lord Abbett,2016-03-31,RBC,-0.80000000,6,9
Invesco,2016-03-31,RBC,-0.97659080,7,9
Principal,2016-03-31,RBC,-2.64114392,8,9
Brandes,2016-03-31,RBC,-4.25384885,9,9
Legg Mason,2016-03-31,Stifel,9.58883443,1,10
Brandes,2016-03-31,Stifel,5.69220119,2,10
Lazard Asset Management LLC,2016-03-31,Stifel,4.91700000,3,10
GW&K Investment Management  ,2016-03-31,Stifel,3.28157786,4,10
Principal,2016-03-31,Stifel,0.10536173,5,10
Lord Abbett,2016-03-31,Stifel,-0.60000000,6,10
Anchor Capital LLC,2016-03-31,Stifel,-2.04000000,7,10
Franklin Templeton,2016-03-31,Stifel,-3.10073945,8,10
Allianz Global Investors,2016-03-31,Stifel,-3.28485200,9,10
Invesco,2016-03-31,Stifel,-5.97669289,10,10
Legg Mason,2016-03-31,UBS,131.53149752,1,11
Lazard Asset Management LLC,2016-03-31,UBS,105.68500000,2,11
Principal,2016-03-31,UBS,73.28371945,3,11
GW&K Investment Management  ,2016-03-31,UBS,55.43140467,4,11
Lord Abbett,2016-03-31,UBS,15.30000000,5,11
Franklin Templeton,2016-03-31,UBS,2.77394020,6,11
Renaissance Investment Management,2016-03-31,UBS,-7.53000000,7,11
Invesco,2016-03-31,UBS,-8.77085129,8,11
Brandes,2016-03-31,UBS,-23.84024111,9,11
Anchor Capital LLC,2016-03-31,UBS,-24.02100000,10,11
Allianz Global Investors,2016-03-31,UBS,-172.31824900,11,11
Renaissance Investment Management,2016-06-30,Adhesion,0.38000000,1,1
Lazard Asset Management LLC,2016-06-30,Ameriprise,23.60800000,1,11
Lord Abbett,2016-06-30,Ameriprise,9.90000000,2,11
Franklin Templeton,2016-06-30,Ameriprise,7.46377574,3,11
Delaware,2016-06-30,Ameriprise,4.93497709,4,11
Principal,2016-06-30,Ameriprise,0.50377645,5,11
Allianz Global Investors,2016-06-30,Ameriprise,-0.02314792,6,11
Legg Mason,2016-06-30,Ameriprise,-0.54993960,7,11
Renaissance Investment Management,2016-06-30,Ameriprise,-0.56000000,8,11
GW&K Investment Management  ,2016-06-30,Ameriprise,-1.38037095,9,11
Invesco,2016-06-30,Ameriprise,-4.13669103,10,11
Anchor Capital LLC,2016-06-30,Ameriprise,-7.11000000,11,11
Principal,2016-06-30,Citi,19.68647564,1,9
Lord Abbett,2016-06-30,Citi,0.27861596,2,9
Invesco,2016-06-30,Citi,0.25489196,3,9
Franklin Templeton,2016-06-30,Citi,-0.42147109,4,9
Brandes,2016-06-30,Citi,-0.97845755,5,9
Renaissance Investment Management,2016-06-30,Citi,-1.27955000,6,9
Delaware,2016-06-30,Citi,-1.70352945,7,9
Allianz Global Investors,2016-06-30,Citi,-4.27213600,8,9
Legg Mason,2016-06-30,Citi,-522.46759618,9,9
GW&K Investment Management  ,2016-06-30,Edward Jones,14.62411442,1,9
Legg Mason,2016-06-30,Edward Jones,12.68665259,2,9
Lazard Asset Management LLC,2016-06-30,Edward Jones,11.20900000,3,9
Invesco,2016-06-30,Edward Jones,8.18891507,4,9
Allianz Global Investors,2016-06-30,Edward Jones,1.94397498,5,9
Principal,2016-06-30,Edward Jones,0.42551585,6,9
Congress Asset Management,2016-06-30,Edward Jones,-2.41410953,7,9
Franklin Templeton,2016-06-30,Edward Jones,-3.15042610,8,9
Anchor Capital LLC,2016-06-30,Edward Jones,-21.04000000,9,9
Legg Mason,2016-06-30,Janney,25.84102822,1,7
GW&K Investment Management  ,2016-06-30,Janney,-0.00042239,2,7
Renaissance Investment Management,2016-06-30,Janney,-0.01000000,3,7
Brandes,2016-06-30,Janney,-0.02893115,4,7
Lord Abbett,2016-06-30,Janney,-0.10364526,5,7
Lazard Asset Management LLC,2016-06-30,Janney,-0.57498106,6,7
Anchor Capital LLC,2016-06-30,Janney,-2.03250590,7,7
Delaware,2016-06-30,LPL,17.38034218,1,11
Legg Mason,2016-06-30,LPL,12.34117467,2,11
GW&K Investment Management  ,2016-06-30,LPL,11.87219151,3,11
Congress Asset Management,2016-06-30,LPL,4.13152118,4,11
Invesco,2016-06-30,LPL,4.09575654,5,11
Lord Abbett,2016-06-30,LPL,0.11331437,6,11
Lazard Asset Management LLC,2016-06-30,LPL,0.00600000,7,11
Renaissance Investment Management,2016-06-30,LPL,-0.62491000,8,11
Brandes,2016-06-30,LPL,-1.67856583,9,11
Franklin Templeton,2016-06-30,LPL,-3.50144785,10,11
Anchor Capital LLC,2016-06-30,LPL,-4.14392950,11,11
Legg Mason,2016-06-30,Merrill,597.48616483,1,13
GW&K Investment Management  ,2016-06-30,Merrill,489.05007983,2,13
Delaware,2016-06-30,Merrill,245.26402742,3,13
Allianz Global Investors,2016-06-30,Merrill,207.48760956,4,13
Lord Abbett,2016-06-30,Merrill,204.86708562,5,13
Principal,2016-06-30,Merrill,130.03945618,6,13
Anchor Capital LLC,2016-06-30,Merrill,31.81013723,7,13
Lazard Asset Management LLC,2016-06-30,Merrill,27.59132069,8,13
Renaissance Investment Management,2016-06-30,Merrill,18.28000000,9,13
Franklin Templeton,2016-06-30,Merrill,16.23960829,10,13
Congress Asset Management,2016-06-30,Merrill,3.05344482,11,13
Brandes,2016-06-30,Merrill,0.55456262,12,13
Invesco,2016-06-30,Merrill,-56.03017254,13,13
Delaware,2016-06-30,MSWM,296.99255155,1,13
Lazard Asset Management LLC,2016-06-30,MSWM,129.41258252,2,13
Principal,2016-06-30,MSWM,103.16301304,3,13
GW&K Investment Management  ,2016-06-30,MSWM,92.24352509,4,13
Renaissance Investment Management,2016-06-30,MSWM,36.16000000,5,13
Lord Abbett,2016-06-30,MSWM,13.51307052,6,13
Anchor Capital LLC,2016-06-30,MSWM,11.18818118,7,13
Congress Asset Management,2016-06-30,MSWM,-4.13395664,8,13
Franklin Templeton,2016-06-30,MSWM,-22.53992761,9,13
Invesco,2016-06-30,MSWM,-67.56685269,10,13
Brandes,2016-06-30,MSWM,-77.67843600,11,13
Allianz Global Investors,2016-06-30,MSWM,-78.73344471,12,13
Legg Mason,2016-06-30,MSWM,-202.86236685,13,13
Brandes,2016-06-30,Natixis,-1.37377920,1,1
GW&K Investment Management  ,2016-06-30,Oppenheimer,36.25200401,1,6
Delaware,2016-06-30,Oppenheimer,0.81569269,2,6
Congress Asset Management,2016-06-30,Oppenheimer,0.54984316,3,6
Brandes,2016-06-30,Oppenheimer,0.41643109,4,6
Invesco,2016-06-30,Oppenheimer,-1.43952327,5,6
Legg Mason,2016-06-30,Oppenheimer,-5.01414443,6,6
Delaware,2016-06-30,PNC,138.66402189,1,6
GW&K Investment Management  ,2016-06-30,PNC,16.18810411,2,6
Principal,2016-06-30,PNC,3.09492010,3,6
Franklin Templeton,2016-06-30,PNC,-0.00600000,4,6
Invesco,2016-06-30,PNC,-1.23901688,5,6
Legg Mason,2016-06-30,PNC,-7.94813322,6,6
Legg Mason,2016-06-30,Raymond James,81.48268253,1,12
Congress Asset Management,2016-06-30,Raymond James,30.88518128,2,12
Delaware,2016-06-30,Raymond James,15.26202759,3,12
Lord Abbett,2016-06-30,Raymond James,10.76591382,4,12
GW&K Investment Management  ,2016-06-30,Raymond James,10.43000001,5,12
Principal,2016-06-30,Raymond James,1.87710047,6,12
Invesco,2016-06-30,Raymond James,1.36837068,7,12
Anchor Capital LLC,2016-06-30,Raymond James,0.34600000,8,12
Allianz Global Investors,2016-06-30,Raymond James,-0.13259147,9,12
Franklin Templeton,2016-06-30,Raymond James,-0.24430808,10,12
Brandes,2016-06-30,Raymond James,-3.33101140,11,12
Lazard Asset Management LLC,2016-06-30,Raymond James,-86.24028962,12,12
Principal,2016-06-30,RBC,4.54943294,1,9
Anchor Capital LLC,2016-06-30,RBC,1.83200000,2,9
Lord Abbett,2016-06-30,RBC,1.39691884,3,9
Legg Mason,2016-06-30,RBC,0.53984816,4,9
Franklin Templeton,2016-06-30,RBC,0.31676210,5,9
Invesco,2016-06-30,RBC,-0.26368638,6,9
Lazard Asset Management LLC,2016-06-30,RBC,-1.79352850,7,9
Brandes,2016-06-30,RBC,-4.35311011,8,9
GW&K Investment Management  ,2016-06-30,RBC,-5.30654752,9,9
Legg Mason,2016-06-30,Stifel,4.89252534,1,11
Brandes,2016-06-30,Stifel,3.02974977,2,11
GW&K Investment Management  ,2016-06-30,Stifel,2.09193940,3,11
Lazard Asset Management LLC,2016-06-30,Stifel,1.00000000,4,11
Principal,2016-06-30,Stifel,0.04077855,5,11
Congress Asset Management,2016-06-30,Stifel,-0.34052233,6,11
Anchor Capital LLC,2016-06-30,Stifel,-0.54200000,7,11
Lord Abbett,2016-06-30,Stifel,-1.08026484,8,11
Allianz Global Investors,2016-06-30,Stifel,-1.90352650,9,11
Franklin Templeton,2016-06-30,Stifel,-3.17444334,10,11
Invesco,2016-06-30,Stifel,-4.02026920,11,11
Lord Abbett,2016-06-30,UBS,82.10000000,1,13
Principal,2016-06-30,UBS,70.95722790,2,13
Delaware,2016-06-30,UBS,62.25856852,3,13
GW&K Investment Management  ,2016-06-30,UBS,55.16385389,4,13
Lazard Asset Management LLC,2016-06-30,UBS,23.10457116,5,13
Franklin Templeton,2016-06-30,UBS,16.66587451,6,13
Renaissance Investment Management,2016-06-30,UBS,-1.75000000,7,13
Congress Asset Management,2016-06-30,UBS,-10.18300966,8,13
Anchor Capital LLC,2016-06-30,UBS,-11.57270961,9,13
Legg Mason,2016-06-30,UBS,-13.92144537,10,13
Invesco,2016-06-30,UBS,-23.39362250,11,13
Brandes,2016-06-30,UBS,-50.69444763,12,13
Allianz Global Investors,2016-06-30,UBS,-102.02412000,13,13
Renaissance Investment Management,2016-09-30,Adhesion,5.85000000,1,2
Principal,2016-09-30,Adhesion,3.39658148,2,2
Lazard Asset Management LLC,2016-09-30,Ameriprise,22.53800000,1,10
Franklin Templeton,2016-09-30,Ameriprise,16.53296821,2,10
Anchor Capital LLC,2016-09-30,Ameriprise,15.35800000,3,10
Lord Abbett,2016-09-30,Ameriprise,4.40000000,4,10
Delaware,2016-09-30,Ameriprise,4.10411992,5,10
Renaissance Investment Management,2016-09-30,Ameriprise,-0.62000000,6,10
GW&K Investment Management  ,2016-09-30,Ameriprise,-1.13523362,7,10
Legg Mason,2016-09-30,Ameriprise,-2.01115642,8,10
Invesco,2016-09-30,Ameriprise,-2.53277321,9,10
Principal,2016-09-30,Ameriprise,-5.40966552,10,10
Invesco,2016-09-30,Citi,20.40114764,1,9
Principal,2016-09-30,Citi,19.35478472,2,9
Lord Abbett,2016-09-30,Citi,0.52061902,3,9
Franklin Templeton,2016-09-30,Citi,-0.20194331,4,9
Delaware,2016-09-30,Citi,-0.56846124,5,9
Renaissance Investment Management,2016-09-30,Citi,-1.61000000,6,9
Allianz Global Investors,2016-09-30,Citi,-2.35288600,7,9
Brandes,2016-09-30,Citi,-3.32098856,8,9
Legg Mason,2016-09-30,Citi,-28.25244491,9,9
Lazard Asset Management LLC,2016-09-30,Edward Jones,10.92000000,1,9
Allianz Global Investors,2016-09-30,Edward Jones,10.51464862,2,9
Legg Mason,2016-09-30,Edward Jones,8.80248254,3,9
Principal,2016-09-30,Edward Jones,0.94783120,4,9
Invesco,2016-09-30,Edward Jones,-2.08912841,5,9
GW&K Investment Management  ,2016-09-30,Edward Jones,-2.48808161,6,9
Franklin Templeton,2016-09-30,Edward Jones,-2.74158500,7,9
Congress Asset Management,2016-09-30,Edward Jones,-2.76482214,8,9
Anchor Capital LLC,2016-09-30,Edward Jones,-24.73000000,9,9
Legg Mason,2016-09-30,Janney,30.11783550,1,7
Anchor Capital LLC,2016-09-30,Janney,22.24942375,2,7
GW&K Investment Management  ,2016-09-30,Janney,0.34618457,3,7
Brandes,2016-09-30,Janney,0.06681094,4,7
Renaissance Investment Management,2016-09-30,Janney,-0.03000000,5,7
Lord Abbett,2016-09-30,Janney,-0.09371964,6,7
Lazard Asset Management LLC,2016-09-30,Janney,-0.42800000,7,7
Legg Mason,2016-09-30,LPL,64.89193637,1,11
GW&K Investment Management  ,2016-09-30,LPL,3.80555030,2,11
Franklin Templeton,2016-09-30,LPL,3.39050534,3,11
Delaware,2016-09-30,LPL,0.80998962,4,11
Anchor Capital LLC,2016-09-30,LPL,-0.92500000,5,11
Brandes,2016-09-30,LPL,-1.04743555,6,11
Lord Abbett,2016-09-30,LPL,-1.52093671,7,11
Invesco,2016-09-30,LPL,-2.45995673,8,11
Renaissance Investment Management,2016-09-30,LPL,-2.98199000,9,11
Lazard Asset Management LLC,2016-09-30,LPL,-3.07987296,10,11
Congress Asset Management,2016-09-30,LPL,-6.95795659,11,11
Legg Mason,2016-09-30,Merrill,561.74111934,1,13
GW&K Investment Management  ,2016-09-30,Merrill,312.05512394,2,13
Delaware,2016-09-30,Merrill,287.43962816,3,13
Lord Abbett,2016-09-30,Merrill,167.70000000,4,13
Principal,2016-09-30,Merrill,101.34397385,5,13
Anchor Capital LLC,2016-09-30,Merrill,69.59241571,6,13
Lazard Asset Management LLC,2016-09-30,Merrill,31.24893951,7,13
Congress Asset Management,2016-09-30,Merrill,8.50345378,8,13
Brandes,2016-09-30,Merrill,-4.57445226,9,13
Franklin Templeton,2016-09-30,Merrill,-4.85403417,10,13
Renaissance Investment Management,2016-09-30,Merrill,-7.63000000,11,13
Invesco,2016-09-30,Merrill,-21.57282616,12,13
Allianz Global Investors,2016-09-30,Merrill,-420.95639414,13,13
Delaware,2016-09-30,MSWM,414.02221405,1,13
Lazard Asset Management LLC,2016-09-30,MSWM,122.77422455,2,13
Principal,2016-09-30,MSWM,90.09417496,3,13
GW&K Investment Management  ,2016-09-30,MSWM,82.49601870,4,13
Renaissance Investment Management,2016-09-30,MSWM,39.35000000,5,13
Legg Mason,2016-09-30,MSWM,26.02277190,6,13
Anchor Capital LLC,2016-09-30,MSWM,16.52268895,7,13
Lord Abbett,2016-09-30,MSWM,-0.04904378,8,13
Franklin Templeton,2016-09-30,MSWM,-22.41367524,9,13
Congress Asset Management,2016-09-30,MSWM,-114.45482711,10,13
Allianz Global Investors,2016-09-30,MSWM,-128.68788196,11,13
Invesco,2016-09-30,MSWM,-154.93494860,12,13
Brandes,2016-09-30,MSWM,-163.35101468,13,13
Brandes,2016-09-30,Natixis,5.23278492,1,1
GW&K Investment Management  ,2016-09-30,Oppenheimer,3.09570599,1,6
Delaware,2016-09-30,Oppenheimer,2.05895855,2,6
Congress Asset Management,2016-09-30,Oppenheimer,0.66967189,3,6
Legg Mason,2016-09-30,Oppenheimer,0.22337749,4,6
Brandes,2016-09-30,Oppenheimer,-1.80299092,5,6
Invesco,2016-09-30,Oppenheimer,-2.27266337,6,6
Principal,2016-09-30,PNC,18.58767740,1,6
Delaware,2016-09-30,PNC,5.79774602,2,6
GW&K Investment Management  ,2016-09-30,PNC,2.60883344,3,6
Legg Mason,2016-09-30,PNC,0.37519418,4,6
Franklin Templeton,2016-09-30,PNC,-0.00400000,5,6
Invesco,2016-09-30,PNC,-16.56997051,6,6
Congress Asset Management,2016-09-30,Raymond James,55.77929018,1,12
Legg Mason,2016-09-30,Raymond James,52.15454008,2,12
Lord Abbett,2016-09-30,Raymond James,14.05706260,3,12
Principal,2016-09-30,Raymond James,5.47583714,4,12
Lazard Asset Management LLC,2016-09-30,Raymond James,0.89698697,5,12
Franklin Templeton,2016-09-30,Raymond James,0.00769551,6,12
Anchor Capital LLC,2016-09-30,Raymond James,-0.11450120,7,12
Allianz Global Investors,2016-09-30,Raymond James,-0.14168758,8,12
Invesco,2016-09-30,Raymond James,-0.48685383,9,12
Brandes,2016-09-30,Raymond James,-1.45642369,10,12
Delaware,2016-09-30,Raymond James,-2.06885097,11,12
GW&K Investment Management  ,2016-09-30,Raymond James,-2.26478168,12,12
Principal,2016-09-30,RBC,1.73399548,1,10
Legg Mason,2016-09-30,RBC,1.35693240,2,10
Lord Abbett,2016-09-30,RBC,0.90211536,3,10
Congress Asset Management,2016-09-30,RBC,0.83330865,4,10
Anchor Capital LLC,2016-09-30,RBC,0.15492450,5,10
Franklin Templeton,2016-09-30,RBC,-0.22739494,6,10
Invesco,2016-09-30,RBC,-2.70042292,7,10
Lazard Asset Management LLC,2016-09-30,RBC,-3.91759701,8,10
Brandes,2016-09-30,RBC,-4.37093227,9,10
GW&K Investment Management  ,2016-09-30,RBC,-6.18576430,10,10
Legg Mason,2016-09-30,Stifel,39.61041532,1,11
GW&K Investment Management  ,2016-09-30,Stifel,10.41326733,2,11
Anchor Capital LLC,2016-09-30,Stifel,5.49600000,3,11
Principal,2016-09-30,Stifel,1.07945006,4,11
Lazard Asset Management LLC,2016-09-30,Stifel,0.50000000,5,11
Lord Abbett,2016-09-30,Stifel,-0.00061168,6,11
Congress Asset Management,2016-09-30,Stifel,-0.40639008,7,11
Brandes,2016-09-30,Stifel,-1.41246036,8,11
Allianz Global Investors,2016-09-30,Stifel,-1.78908953,9,11
Invesco,2016-09-30,Stifel,-2.95184567,10,11
Franklin Templeton,2016-09-30,Stifel,-5.23852784,11,11
Principal,2016-09-30,UBS,122.46780055,1,13
Legg Mason,2016-09-30,UBS,87.07334821,2,13
Lazard Asset Management LLC,2016-09-30,UBS,45.85486351,3,13
Delaware,2016-09-30,UBS,38.58925470,4,13
GW&K Investment Management  ,2016-09-30,UBS,37.39111624,5,13
Lord Abbett,2016-09-30,UBS,12.88514499,6,13
Congress Asset Management,2016-09-30,UBS,-7.56958579,7,13
Renaissance Investment Management,2016-09-30,UBS,-13.14000000,8,13
Invesco,2016-09-30,UBS,-20.01569735,9,13
Brandes,2016-09-30,UBS,-21.06403128,10,13
Anchor Capital LLC,2016-09-30,UBS,-22.11108769,11,13
Franklin Templeton,2016-09-30,UBS,-25.94941209,12,13
Allianz Global Investors,2016-09-30,UBS,-92.99512300,13,13
Congress Asset Management,2016-12-31,Adhesion,3.75939994,1,3
Renaissance Investment Management,2016-12-31,Adhesion,1.91000000,2,3
Principal,2016-12-31,Adhesion,0.44262511,3,3
Anchor Capital LLC,2016-12-31,Ameriprise,14.27000000,1,10
Lazard Asset Management LLC,2016-12-31,Ameriprise,3.11500000,2,10
Delaware,2016-12-31,Ameriprise,2.70022799,3,10
Legg Mason,2016-12-31,Ameriprise,1.72424256,4,10
Lord Abbett,2016-12-31,Ameriprise,-0.40000000,5,10
GW&K Investment Management  ,2016-12-31,Ameriprise,-0.42196561,6,10
Renaissance Investment Management,2016-12-31,Ameriprise,-1.08000000,7,10
Invesco,2016-12-31,Ameriprise,-1.95551586,8,10
Franklin Templeton,2016-12-31,Ameriprise,-3.32154395,9,10
Principal,2016-12-31,Ameriprise,-11.41454098,10,10
Invesco,2016-12-31,Citi,15.23539545,1,9
Principal,2016-12-31,Citi,10.35940324,2,9
Lord Abbett,2016-12-31,Citi,3.68360671,3,9
Franklin Templeton,2016-12-31,Citi,-0.26775944,4,9
Delaware,2016-12-31,Citi,-0.61104562,5,9
Brandes,2016-12-31,Citi,-1.74823654,6,9
Allianz Global Investors,2016-12-31,Citi,-2.29771400,7,9
Renaissance Investment Management,2016-12-31,Citi,-2.36000000,8,9
Legg Mason,2016-12-31,Citi,-24.23063219,9,9
Legg Mason,2016-12-31,Edward Jones,42.87047339,1,9
Congress Asset Management,2016-12-31,Edward Jones,20.62945676,2,9
Lazard Asset Management LLC,2016-12-31,Edward Jones,14.72300000,3,9
Principal,2016-12-31,Edward Jones,0.25965165,4,9
Allianz Global Investors,2016-12-31,Edward Jones,-4.95407487,5,9
Franklin Templeton,2016-12-31,Edward Jones,-5.04375204,6,9
Invesco,2016-12-31,Edward Jones,-7.41103082,7,9
GW&K Investment Management  ,2016-12-31,Edward Jones,-9.55241416,8,9
Anchor Capital LLC,2016-12-31,Edward Jones,-12.78000000,9,9
Legg Mason,2016-12-31,Janney,37.21878749,1,7
Anchor Capital LLC,2016-12-31,Janney,6.25301650,2,7
Renaissance Investment Management,2016-12-31,Janney,0.59000000,3,7
Brandes,2016-12-31,Janney,0.38188585,4,7
GW&K Investment Management  ,2016-12-31,Janney,0.00028226,5,7
Lord Abbett,2016-12-31,Janney,-0.10268835,6,7
Lazard Asset Management LLC,2016-12-31,Janney,-0.44217935,7,7
Congress Asset Management,2016-12-31,LPL,12.23283766,1,11
Anchor Capital LLC,2016-12-31,LPL,4.51103000,2,11
Legg Mason,2016-12-31,LPL,2.06089519,3,11
Brandes,2016-12-31,LPL,0.95283923,4,11
Lord Abbett,2016-12-31,LPL,0.90976207,5,11
Franklin Templeton,2016-12-31,LPL,0.56225379,6,11
Delaware,2016-12-31,LPL,0.44774469,7,11
Lazard Asset Management LLC,2016-12-31,LPL,0.41530561,8,11
Renaissance Investment Management,2016-12-31,LPL,-2.34737500,9,11
Invesco,2016-12-31,LPL,-2.69522995,10,11
GW&K Investment Management  ,2016-12-31,LPL,-8.75657040,11,11
Legg Mason,2016-12-31,Merrill,584.90864911,1,13
GW&K Investment Management  ,2016-12-31,Merrill,229.52435743,2,13
Lord Abbett,2016-12-31,Merrill,176.74490170,3,13
Delaware,2016-12-31,Merrill,117.75610395,4,13
Anchor Capital LLC,2016-12-31,Merrill,54.68306142,5,13
Lazard Asset Management LLC,2016-12-31,Merrill,34.76032526,6,13
Congress Asset Management,2016-12-31,Merrill,16.10589881,7,13
Renaissance Investment Management,2016-12-31,Merrill,5.22000000,8,13
Brandes,2016-12-31,Merrill,-7.99339361,9,13
Principal,2016-12-31,Merrill,-10.83560207,10,13
Franklin Templeton,2016-12-31,Merrill,-22.74852652,11,13
Invesco,2016-12-31,Merrill,-40.25101428,12,13
Allianz Global Investors,2016-12-31,Merrill,-85.94168911,13,13
Invesco,2016-12-31,MSWM,906.89961400,1,13
Allianz Global Investors,2016-12-31,MSWM,840.56636180,2,13
Renaissance Investment Management,2016-12-31,MSWM,747.53000000,3,13
Lord Abbett,2016-12-31,MSWM,317.09700527,4,13
Legg Mason,2016-12-31,MSWM,153.06033077,5,13
Delaware,2016-12-31,MSWM,116.72038292,6,13
Franklin Templeton,2016-12-31,MSWM,76.27305700,7,13
Lazard Asset Management LLC,2016-12-31,MSWM,64.77251925,8,13
Congress Asset Management,2016-12-31,MSWM,17.59242859,9,13
GW&K Investment Management  ,2016-12-31,MSWM,7.86409844,10,13
Principal,2016-12-31,MSWM,-17.57551652,11,13
Anchor Capital LLC,2016-12-31,MSWM,-26.78947450,12,13
Brandes,2016-12-31,MSWM,-93.35388454,13,13
Brandes,2016-12-31,Natixis,5.56102988,1,1
Congress Asset Management,2016-12-31,Oppenheimer,97.86219349,1,6
Invesco,2016-12-31,Oppenheimer,18.57024095,2,6
Legg Mason,2016-12-31,Oppenheimer,1.86844450,3,6
Delaware,2016-12-31,Oppenheimer,0.64610499,4,6
Brandes,2016-12-31,Oppenheimer,-0.51950661,5,6
GW&K Investment Management  ,2016-12-31,Oppenheimer,-14.16730741,6,6
Principal,2016-12-31,PNC,6.42190265,1,5
GW&K Investment Management  ,2016-12-31,PNC,3.97759341,2,5
Legg Mason,2016-12-31,PNC,2.50281202,3,5
Franklin Templeton,2016-12-31,PNC,-0.00600000,4,5
Delaware,2016-12-31,PNC,-28.49868909,5,5
Legg Mason,2016-12-31,Raymond James,82.12215284,1,12
Principal,2016-12-31,Raymond James,21.00122865,2,12
Delaware,2016-12-31,Raymond James,14.47767562,3,12
Lazard Asset Management LLC,2016-12-31,Raymond James,4.96988649,4,12
Congress Asset Management,2016-12-31,Raymond James,2.05214675,5,12
Anchor Capital LLC,2016-12-31,Raymond James,-0.06500000,6,12
Lord Abbett,2016-12-31,Raymond James,-0.16522161,7,12
Brandes,2016-12-31,Raymond James,-0.95661729,8,12
Allianz Global Investors,2016-12-31,Raymond James,-3.18291538,9,12
Franklin Templeton,2016-12-31,Raymond James,-4.21806851,10,12
Invesco,2016-12-31,Raymond James,-4.77826380,11,12
GW&K Investment Management  ,2016-12-31,Raymond James,-13.95727558,12,12
Principal,2016-12-31,RBC,22.86684788,1,10
Anchor Capital LLC,2016-12-31,RBC,7.04200000,2,10
Legg Mason,2016-12-31,RBC,2.00804975,3,10
Lazard Asset Management LLC,2016-12-31,RBC,0.77829558,4,10
Congress Asset Management,2016-12-31,RBC,0.27273179,5,10
Invesco,2016-12-31,RBC,-0.63246615,6,10
Franklin Templeton,2016-12-31,RBC,-0.74114338,7,10
Lord Abbett,2016-12-31,RBC,-0.80483475,8,10
GW&K Investment Management  ,2016-12-31,RBC,-1.53365999,9,10
Brandes,2016-12-31,RBC,-8.68266632,10,10
Legg Mason,2016-12-31,Stifel,61.42338902,1,10
GW&K Investment Management  ,2016-12-31,Stifel,15.11692098,2,10
Lord Abbett,2016-12-31,Stifel,1.49384646,3,10
Lazard Asset Management LLC,2016-12-31,Stifel,0.46594305,4,10
Allianz Global Investors,2016-12-31,Stifel,-1.72104540,5,10
Anchor Capital LLC,2016-12-31,Stifel,-2.27800000,6,10
Brandes,2016-12-31,Stifel,-3.19192565,7,10
Principal,2016-12-31,Stifel,-3.97520713,8,10
Franklin Templeton,2016-12-31,Stifel,-7.23766059,9,10
Invesco,2016-12-31,Stifel,-8.37006418,10,10
Principal,2016-12-31,UBS,47.02445820,1,13
Lord Abbett,2016-12-31,UBS,25.60000000,2,13
Delaware,2016-12-31,UBS,20.26558267,3,13
Lazard Asset Management LLC,2016-12-31,UBS,18.24535408,4,13
GW&K Investment Management  ,2016-12-31,UBS,14.30062288,5,13
Anchor Capital LLC,2016-12-31,UBS,12.53017705,6,13
Legg Mason,2016-12-31,UBS,4.34482578,7,13
Congress Asset Management,2016-12-31,UBS,-2.38221565,8,13
Renaissance Investment Management,2016-12-31,UBS,-2.54000000,9,13
Franklin Templeton,2016-12-31,UBS,-12.64046566,10,13
Brandes,2016-12-31,UBS,-26.02406910,11,13
Invesco,2016-12-31,UBS,-38.31617756,12,13
Allianz Global Investors,2016-12-31,UBS,-131.52277460,13,13
Anchor Capital LLC,2017-03-31,Adhesion,0.18400000,1,4
Principal,2017-03-31,Adhesion,0.02317611,2,4
Congress Asset Management,2017-03-31,Adhesion,-0.04083175,3,4
Renaissance Investment Management,2017-03-31,Adhesion,-0.17000000,4,4
Lazard Asset Management LLC,2017-03-31,Ameriprise,16.08100000,1,10
Anchor Capital LLC,2017-03-31,Ameriprise,10.11000000,2,10
Legg Mason,2017-03-31,Ameriprise,7.16459377,3,10
Renaissance Investment Management,2017-03-31,Ameriprise,0.01000000,4,10
Lord Abbett,2017-03-31,Ameriprise,-0.80000000,5,10
GW&K Investment Management  ,2017-03-31,Ameriprise,-0.81851072,6,10
Principal,2017-03-31,Ameriprise,-3.87455234,7,10
Invesco,2017-03-31,Ameriprise,-3.95474790,8,10
Franklin Templeton,2017-03-31,Ameriprise,-12.98089954,9,10
Delaware,2017-03-31,Ameriprise,-17.49246639,10,10
Legg Mason,2017-03-31,Citi,16.15804446,1,9
Invesco,2017-03-31,Citi,11.72281961,2,9
Delaware,2017-03-31,Citi,9.89444748,3,9
Principal,2017-03-31,Citi,3.03729324,4,9
Lord Abbett,2017-03-31,Citi,0.48419998,5,9
Renaissance Investment Management,2017-03-31,Citi,0.12000000,6,9
Brandes,2017-03-31,Citi,-0.05365222,7,9
Allianz Global Investors,2017-03-31,Citi,-0.33287200,8,9
Franklin Templeton,2017-03-31,Citi,-0.34856960,9,9
Lazard Asset Management LLC,2017-03-31,Edward Jones,5.23200000,1,9
Invesco,2017-03-31,Edward Jones,2.21045246,2,9
Allianz Global Investors,2017-03-31,Edward Jones,0.52106022,3,9
Principal,2017-03-31,Edward Jones,-0.13036751,4,9
GW&K Investment Management  ,2017-03-31,Edward Jones,-4.80167662,5,9
Legg Mason,2017-03-31,Edward Jones,-6.64271188,6,9
Franklin Templeton,2017-03-31,Edward Jones,-6.83159291,7,9
Congress Asset Management,2017-03-31,Edward Jones,-23.17976313,8,9
Anchor Capital LLC,2017-03-31,Edward Jones,-27.33000000,9,9
Legg Mason,2017-03-31,Janney,54.54267119,1,8
Anchor Capital LLC,2017-03-31,Janney,12.35442600,2,8
GW&K Investment Management  ,2017-03-31,Janney,2.06387290,3,8
Principal,2017-03-31,Janney,2.00849064,4,8
Renaissance Investment Management,2017-03-31,Janney,0.80000000,5,8
Brandes,2017-03-31,Janney,0.01948507,6,8
Lord Abbett,2017-03-31,Janney,-0.07110465,7,8
Lazard Asset Management LLC,2017-03-31,Janney,-0.20123300,8,8
Legg Mason,2017-03-31,LPL,6.45607259,1,11
Anchor Capital LLC,2017-03-31,LPL,3.00400000,2,11
Brandes,2017-03-31,LPL,2.32511994,3,11
Renaissance Investment Management,2017-03-31,LPL,0.13973500,4,11
Franklin Templeton,2017-03-31,LPL,-1.00060483,5,11
Delaware,2017-03-31,LPL,-1.05308585,6,11
Invesco,2017-03-31,LPL,-3.23156438,7,11
Lord Abbett,2017-03-31,LPL,-3.86286471,8,11
Congress Asset Management,2017-03-31,LPL,-4.11121405,9,11
Lazard Asset Management LLC,2017-03-31,LPL,-4.24900000,10,11
GW&K Investment Management  ,2017-03-31,LPL,-19.09275600,11,11
Legg Mason,2017-03-31,Merrill,679.51894170,1,13
GW&K Investment Management  ,2017-03-31,Merrill,139.01651853,2,13
Lord Abbett,2017-03-31,Merrill,138.04986225,3,13
Principal,2017-03-31,Merrill,75.45909884,4,13
Anchor Capital LLC,2017-03-31,Merrill,27.98310611,5,13
Congress Asset Management,2017-03-31,Merrill,14.59961991,6,13
Delaware,2017-03-31,Merrill,11.09292853,7,13
Lazard Asset Management LLC,2017-03-31,Merrill,-0.06821880,8,13
Brandes,2017-03-31,Merrill,-0.31606595,9,13
Renaissance Investment Management,2017-03-31,Merrill,-1.45000000,10,13
Franklin Templeton,2017-03-31,Merrill,-4.74430028,11,13
Invesco,2017-03-31,Merrill,-21.42159909,12,13
Allianz Global Investors,2017-03-31,Merrill,-38.16442212,13,13
Legg Mason,2017-03-31,MSWM,481.36779081,1,13
Delaware,2017-03-31,MSWM,247.71709057,2,13
Lazard Asset Management LLC,2017-03-31,MSWM,119.51890757,3,13
Principal,2017-03-31,MSWM,89.92251661,4,13
Congress Asset Management,2017-03-31,MSWM,22.94343536,5,13
Invesco,2017-03-31,MSWM,12.29708601,6,13
Renaissance Investment Management,2017-03-31,MSWM,6.88000000,7,13
Anchor Capital LLC,2017-03-31,MSWM,-1.72627108,8,13
GW&K Investment Management  ,2017-03-31,MSWM,-8.38966054,9,13
Brandes,2017-03-31,MSWM,-9.23126527,10,13
Lord Abbett,2017-03-31,MSWM,-18.07132289,11,13
Franklin Templeton,2017-03-31,MSWM,-47.12305732,12,13
Allianz Global Investors,2017-03-31,MSWM,-59.90215615,13,13
Brandes,2017-03-31,Natixis,8.04437785,1,1
Brandes,2017-03-31,Oppenheimer,60.73108375,1,6
GW&K Investment Management  ,2017-03-31,Oppenheimer,5.82948234,2,6
Delaware,2017-03-31,Oppenheimer,2.85260744,3,6
Legg Mason,2017-03-31,Oppenheimer,0.47265089,4,6
Congress Asset Management,2017-03-31,Oppenheimer,0.26706815,5,6
Invesco,2017-03-31,Oppenheimer,-1.74377456,6,6
Delaware,2017-03-31,PNC,10.82300287,1,6
Principal,2017-03-31,PNC,7.67965832,2,6
GW&K Investment Management  ,2017-03-31,PNC,1.56634958,3,6
Franklin Templeton,2017-03-31,PNC,1.19200000,4,6
Legg Mason,2017-03-31,PNC,0.05148889,5,6
Lazard Asset Management LLC,2017-03-31,PNC,-0.12004623,6,6
Legg Mason,2017-03-31,Raymond James,283.63442736,1,12
Principal,2017-03-31,Raymond James,32.93511281,2,12
Delaware,2017-03-31,Raymond James,11.33670690,3,12
Lord Abbett,2017-03-31,Raymond James,7.24783967,4,12
Lazard Asset Management LLC,2017-03-31,Raymond James,6.23382090,5,12
Congress Asset Management,2017-03-31,Raymond James,1.27263052,6,12
Allianz Global Investors,2017-03-31,Raymond James,-0.00304406,7,12
Franklin Templeton,2017-03-31,Raymond James,-0.01111766,8,12
Brandes,2017-03-31,Raymond James,-0.36729879,9,12
Anchor Capital LLC,2017-03-31,Raymond James,-0.64835500,10,12
GW&K Investment Management  ,2017-03-31,Raymond James,-2.26591255,11,12
Invesco,2017-03-31,Raymond James,-3.01774863,12,12
Legg Mason,2017-03-31,RBC,5.95688678,1,10
Congress Asset Management,2017-03-31,RBC,4.35122995,2,10
Anchor Capital LLC,2017-03-31,RBC,2.72418400,3,10
Franklin Templeton,2017-03-31,RBC,0.70481825,4,10
Lord Abbett,2017-03-31,RBC,-0.03096031,5,10
Invesco,2017-03-31,RBC,-0.77293762,6,10
Principal,2017-03-31,RBC,-1.40800853,7,10
Lazard Asset Management LLC,2017-03-31,RBC,-1.49534596,8,10
GW&K Investment Management  ,2017-03-31,RBC,-4.78915464,9,10
Brandes,2017-03-31,RBC,-10.95840208,10,10
Legg Mason,2017-03-31,Stifel,73.74185265,1,10
GW&K Investment Management  ,2017-03-31,Stifel,16.56489530,2,10
Anchor Capital LLC,2017-03-31,Stifel,2.77900000,3,10
Brandes,2017-03-31,Stifel,2.64142843,4,10
Franklin Templeton,2017-03-31,Stifel,2.05589072,5,10
Lazard Asset Management LLC,2017-03-31,Stifel,1.00000000,6,10
Lord Abbett,2017-03-31,Stifel,-0.28558722,7,10
Principal,2017-03-31,Stifel,-0.69282371,8,10
Allianz Global Investors,2017-03-31,Stifel,-1.82858172,9,10
Invesco,2017-03-31,Stifel,-5.63080453,10,10
Delaware,2017-03-31,UBS,57.42632080,1,13
Principal,2017-03-31,UBS,51.15454055,2,13
Lord Abbett,2017-03-31,UBS,35.50000000,3,13
Brandes,2017-03-31,UBS,12.88437429,4,13
Lazard Asset Management LLC,2017-03-31,UBS,9.33411214,5,13
GW&K Investment Management  ,2017-03-31,UBS,-2.07198686,6,13
Renaissance Investment Management,2017-03-31,UBS,-3.10000000,7,13
Anchor Capital LLC,2017-03-31,UBS,-7.94350011,8,13
Congress Asset Management,2017-03-31,UBS,-10.48724275,9,13
Legg Mason,2017-03-31,UBS,-15.30116946,10,13
Franklin Templeton,2017-03-31,UBS,-18.38159286,11,13
Invesco,2017-03-31,UBS,-32.93281636,12,13
Allianz Global Investors,2017-03-31,UBS,-61.76702600,13,13
Principal,2017-06-30,Adhesion,2.05951102,1,4
Renaissance Investment Management,2017-06-30,Adhesion,0.35000000,2,4
Congress Asset Management,2017-06-30,Adhesion,0.15313326,3,4
Anchor Capital LLC,2017-06-30,Adhesion,-0.00042785,4,4
Lazard Asset Management LLC,2017-06-30,Ameriprise,27.79800000,1,10
Legg Mason,2017-06-30,Ameriprise,18.79014676,2,10
Principal,2017-06-30,Ameriprise,8.30843291,3,10
Renaissance Investment Management,2017-06-30,Ameriprise,0.96000000,4,10
Anchor Capital LLC,2017-06-30,Ameriprise,0.15800000,5,10
Lord Abbett,2017-06-30,Ameriprise,-0.20000000,6,10
Invesco,2017-06-30,Ameriprise,-0.93104692,7,10
GW&K Investment Management  ,2017-06-30,Ameriprise,-0.98971245,8,10
Delaware,2017-06-30,Ameriprise,-3.38761974,9,10
Franklin Templeton,2017-06-30,Ameriprise,-3.60406365,10,10
Invesco,2017-06-30,Citi,5.05156399,1,9
Delaware,2017-06-30,Citi,3.64156795,2,9
Principal,2017-06-30,Citi,3.62126086,3,9
Lord Abbett,2017-06-30,Citi,2.70000000,4,9
Legg Mason,2017-06-30,Citi,1.15946726,5,9
Renaissance Investment Management,2017-06-30,Citi,0.65870000,6,9
Brandes,2017-06-30,Citi,0.21342000,7,9
Franklin Templeton,2017-06-30,Citi,-0.30099513,8,9
Allianz Global Investors,2017-06-30,Citi,-1.32145900,9,9
Invesco,2017-06-30,Edward Jones,38.79065780,1,9
Legg Mason,2017-06-30,Edward Jones,6.81931162,2,9
Principal,2017-06-30,Edward Jones,-0.07797364,3,9
Congress Asset Management,2017-06-30,Edward Jones,-2.18658367,4,9
Franklin Templeton,2017-06-30,Edward Jones,-2.69239858,5,9
GW&K Investment Management  ,2017-06-30,Edward Jones,-6.95067691,6,9
Allianz Global Investors,2017-06-30,Edward Jones,-15.00036465,7,9
Anchor Capital LLC,2017-06-30,Edward Jones,-15.08000000,8,9
Lazard Asset Management LLC,2017-06-30,Edward Jones,-29.09500000,9,9
Legg Mason,2017-06-30,Janney,54.48997154,1,8
Anchor Capital LLC,2017-06-30,Janney,5.72357200,2,8
GW&K Investment Management  ,2017-06-30,Janney,4.75591896,3,8
Principal,2017-06-30,Janney,1.91955880,4,8
Brandes,2017-06-30,Janney,0.57253601,5,8
Lazard Asset Management LLC,2017-06-30,Janney,0.26600000,6,8
Renaissance Investment Management,2017-06-30,Janney,0.04000000,7,8
Lord Abbett,2017-06-30,Janney,-0.02950095,8,8
Legg Mason,2017-06-30,LPL,14.60593011,1,11
Anchor Capital LLC,2017-06-30,LPL,5.85500000,2,11
Lord Abbett,2017-06-30,LPL,1.23145445,3,11
Brandes,2017-06-30,LPL,1.20817593,4,11
Lazard Asset Management LLC,2017-06-30,LPL,-0.55800000,5,11
Renaissance Investment Management,2017-06-30,LPL,-0.58350000,6,11
Delaware,2017-06-30,LPL,-0.63751159,7,11
Congress Asset Management,2017-06-30,LPL,-0.67707106,8,11
Franklin Templeton,2017-06-30,LPL,-1.08036451,9,11
Invesco,2017-06-30,LPL,-1.47007727,10,11
GW&K Investment Management  ,2017-06-30,LPL,-8.46037252,11,11
Legg Mason,2017-06-30,Merrill,818.88375473,1,13
GW&K Investment Management  ,2017-06-30,Merrill,181.56861085,2,13
Renaissance Investment Management,2017-06-30,Merrill,80.69000000,3,13
Principal,2017-06-30,Merrill,40.10126464,4,13
Lazard Asset Management LLC,2017-06-30,Merrill,29.95138100,5,13
Congress Asset Management,2017-06-30,Merrill,16.10725824,6,13
Anchor Capital LLC,2017-06-30,Merrill,12.61335041,7,13
Lord Abbett,2017-06-30,Merrill,8.24096040,8,13
Brandes,2017-06-30,Merrill,-0.38122559,9,13
Allianz Global Investors,2017-06-30,Merrill,-13.69532631,10,13
Invesco,2017-06-30,Merrill,-25.94678436,11,13
Franklin Templeton,2017-06-30,Merrill,-32.38583326,12,13
Delaware,2017-06-30,Merrill,-55.00040079,13,13
Legg Mason,2017-06-30,MSWM,425.11555619,1,13
Lazard Asset Management LLC,2017-06-30,MSWM,126.08298435,2,13
Principal,2017-06-30,MSWM,120.80531844,3,13
Delaware,2017-06-30,MSWM,119.65462299,4,13
Lord Abbett,2017-06-30,MSWM,75.72732694,5,13
Congress Asset Management,2017-06-30,MSWM,16.96556484,6,13
GW&K Investment Management  ,2017-06-30,MSWM,12.27180958,7,13
Brandes,2017-06-30,MSWM,11.87861154,8,13
Renaissance Investment Management,2017-06-30,MSWM,0.77000000,9,13
Anchor Capital LLC,2017-06-30,MSWM,-19.01465414,10,13
Franklin Templeton,2017-06-30,MSWM,-22.99867069,11,13
Invesco,2017-06-30,MSWM,-56.74031318,12,13
Allianz Global Investors,2017-06-30,MSWM,-95.39436127,13,13
Brandes,2017-06-30,Natixis,1.52181871,1,1
Delaware,2017-06-30,Oppenheimer,10.68811679,1,6
Brandes,2017-06-30,Oppenheimer,6.23675014,2,6
Invesco,2017-06-30,Oppenheimer,0.27141428,3,6
Legg Mason,2017-06-30,Oppenheimer,-2.85202298,4,6
Congress Asset Management,2017-06-30,Oppenheimer,-3.70396008,5,6
GW&K Investment Management  ,2017-06-30,Oppenheimer,-14.26227752,6,6
GW&K Investment Management  ,2017-06-30,PNC,15.66467863,1,6
Delaware,2017-06-30,PNC,10.27908048,2,6
Principal,2017-06-30,PNC,7.02940300,3,6
Lazard Asset Management LLC,2017-06-30,PNC,0.25400000,4,6
Legg Mason,2017-06-30,PNC,0.06988365,5,6
Franklin Templeton,2017-06-30,PNC,-0.00600000,6,6
Legg Mason,2017-06-30,Raymond James,183.77758687,1,12
Principal,2017-06-30,Raymond James,29.89519218,2,12
GW&K Investment Management  ,2017-06-30,Raymond James,18.05999775,3,12
Delaware,2017-06-30,Raymond James,14.83202856,4,12
Lazard Asset Management LLC,2017-06-30,Raymond James,9.51234102,5,12
Lord Abbett,2017-06-30,Raymond James,2.45289856,6,12
Congress Asset Management,2017-06-30,Raymond James,0.53754521,7,12
Anchor Capital LLC,2017-06-30,Raymond James,0.20866900,8,12
Franklin Templeton,2017-06-30,Raymond James,-0.01667778,9,12
Brandes,2017-06-30,Raymond James,-0.15202717,10,12
Invesco,2017-06-30,Raymond James,-2.52407605,11,12
Allianz Global Investors,2017-06-30,Raymond James,-2.96432990,12,12
Legg Mason,2017-06-30,RBC,4.68341433,1,10
Principal,2017-06-30,RBC,3.10303387,2,10
Brandes,2017-06-30,RBC,2.52426413,3,10
Anchor Capital LLC,2017-06-30,RBC,1.44786000,4,10
Lord Abbett,2017-06-30,RBC,-0.10321521,5,10
Franklin Templeton,2017-06-30,RBC,-1.03505110,6,10
Invesco,2017-06-30,RBC,-1.43618779,7,10
Lazard Asset Management LLC,2017-06-30,RBC,-1.49012977,8,10
Congress Asset Management,2017-06-30,RBC,-1.59425721,9,10
GW&K Investment Management  ,2017-06-30,RBC,-4.58819617,10,10
Legg Mason,2017-06-30,Stifel,37.22658336,1,10
Franklin Templeton,2017-06-30,Stifel,15.86530108,2,10
GW&K Investment Management  ,2017-06-30,Stifel,7.33907808,3,10
Anchor Capital LLC,2017-06-30,Stifel,2.25300000,4,10
Brandes,2017-06-30,Stifel,1.33356583,5,10
Lazard Asset Management LLC,2017-06-30,Stifel,0.50000000,6,10
Principal,2017-06-30,Stifel,-0.02174201,7,10
Invesco,2017-06-30,Stifel,-0.07031779,8,10
Lord Abbett,2017-06-30,Stifel,-0.70168032,9,10
Allianz Global Investors,2017-06-30,Stifel,-0.98832608,10,10
GW&K Investment Management  ,2017-06-30,UBS,50.56352170,1,13
Delaware,2017-06-30,UBS,46.23980951,2,13
Lazard Asset Management LLC,2017-06-30,UBS,16.85931885,3,13
Franklin Templeton,2017-06-30,UBS,1.03001357,4,13
Renaissance Investment Management,2017-06-30,UBS,-0.45000000,5,13
Lord Abbett,2017-06-30,UBS,-6.30000000,6,13
Congress Asset Management,2017-06-30,UBS,-6.67800555,7,13
Brandes,2017-06-30,UBS,-17.61598754,8,13
Legg Mason,2017-06-30,UBS,-19.38309111,9,13
Principal,2017-06-30,UBS,-28.94917928,10,13
Anchor Capital LLC,2017-06-30,UBS,-31.58289151,11,13
Invesco,2017-06-30,UBS,-36.18448317,12,13
Allianz Global Investors,2017-06-30,UBS,-54.19395300,13,13
Renaissance Investment Management,2017-09-30,Adhesion,0.40000000,1,4
Principal,2017-09-30,Adhesion,0.35691810,2,4
Congress Asset Management,2017-09-30,Adhesion,0.35024542,3,4
Anchor Capital LLC,2017-09-30,Adhesion,-0.00796916,4,4
Legg Mason,2017-09-30,Ameriprise,17.61089353,1,10
Lazard Asset Management LLC,2017-09-30,Ameriprise,11.42200000,2,10
Renaissance Investment Management,2017-09-30,Ameriprise,1.14000000,3,10
Lord Abbett,2017-09-30,Ameriprise,0.90000000,4,10
Delaware,2017-09-30,Ameriprise,0.29872965,5,10
GW&K Investment Management  ,2017-09-30,Ameriprise,-0.88371173,6,10
Invesco,2017-09-30,Ameriprise,-2.05871897,7,10
Anchor Capital LLC,2017-09-30,Ameriprise,-6.82600000,8,10
Franklin Templeton,2017-09-30,Ameriprise,-8.84564321,9,10
Principal,2017-09-30,Ameriprise,-10.90363601,10,10
Legg Mason,2017-09-30,Citi,43.40109634,1,9
Delaware,2017-09-30,Citi,9.50331857,2,9
Invesco,2017-09-30,Citi,6.31197414,3,9
Principal,2017-09-30,Citi,1.32000007,4,9
Lord Abbett,2017-09-30,Citi,0.88390952,5,9
Renaissance Investment Management,2017-09-30,Citi,0.09000000,6,9
Brandes,2017-09-30,Citi,-0.14396426,7,9
Allianz Global Investors,2017-09-30,Citi,-0.16236500,8,9
Franklin Templeton,2017-09-30,Citi,-0.38059342,9,9
Anchor Capital LLC,2017-09-30,Edward Jones,58.76757950,1,8
Congress Asset Management,2017-09-30,Edward Jones,3.01274395,2,8
Legg Mason,2017-09-30,Edward Jones,2.61599089,3,8
Invesco,2017-09-30,Edward Jones,0.54667716,4,8
Principal,2017-09-30,Edward Jones,0.06524638,5,8
Lazard Asset Management LLC,2017-09-30,Edward Jones,-0.93500000,6,8
Franklin Templeton,2017-09-30,Edward Jones,-18.59012764,7,8
GW&K Investment Management  ,2017-09-30,Edward Jones,-60.43074142,8,8
Legg Mason,2017-09-30,Janney,32.38550347,1,8
Anchor Capital LLC,2017-09-30,Janney,7.23922370,2,8
Lazard Asset Management LLC,2017-09-30,Janney,0.81100000,3,8
Brandes,2017-09-30,Janney,0.17484081,4,8
Principal,2017-09-30,Janney,0.10596630,5,8
GW&K Investment Management  ,2017-09-30,Janney,0.00023877,6,8
Lord Abbett,2017-09-30,Janney,-0.04138491,7,8
Renaissance Investment Management,2017-09-30,Janney,-0.07000000,8,8
Congress Asset Management,2017-09-30,LPL,13.41649059,1,11
GW&K Investment Management  ,2017-09-30,LPL,7.17722581,2,11
Delaware,2017-09-30,LPL,4.35304338,3,11
Brandes,2017-09-30,LPL,2.66187631,4,11
Lord Abbett,2017-09-30,LPL,1.74883710,5,11
Invesco,2017-09-30,LPL,1.50845277,6,11
Lazard Asset Management LLC,2017-09-30,LPL,0.21169569,7,11
Franklin Templeton,2017-09-30,LPL,-0.19761383,8,11
Anchor Capital LLC,2017-09-30,LPL,-0.47067050,9,11
Legg Mason,2017-09-30,LPL,-1.73384925,10,11
Renaissance Investment Management,2017-09-30,LPL,-2.85265000,11,11
Legg Mason,2017-09-30,Merrill,793.25936607,1,13
Delaware,2017-09-30,Merrill,304.86449821,2,13
GW&K Investment Management  ,2017-09-30,Merrill,107.41612339,3,13
Lord Abbett,2017-09-30,Merrill,83.10000000,4,13
Principal,2017-09-30,Merrill,34.72952879,5,13
Congress Asset Management,2017-09-30,Merrill,33.26376910,6,13
Lazard Asset Management LLC,2017-09-30,Merrill,32.25426443,7,13
Anchor Capital LLC,2017-09-30,Merrill,20.18588320,8,13
Brandes,2017-09-30,Merrill,-0.24635971,9,13
Renaissance Investment Management,2017-09-30,Merrill,-1.19000000,10,13
Franklin Templeton,2017-09-30,Merrill,-9.28236597,11,13
Allianz Global Investors,2017-09-30,Merrill,-34.06632521,12,13
Invesco,2017-09-30,Merrill,-41.62694081,13,13
Lazard Asset Management LLC,2017-09-30,MSWM,219.05255120,1,13
Delaware,2017-09-30,MSWM,184.90625688,2,13
Legg Mason,2017-09-30,MSWM,86.24642695,3,13
Principal,2017-09-30,MSWM,83.49026121,4,13
Brandes,2017-09-30,MSWM,61.27260120,5,13
Lord Abbett,2017-09-30,MSWM,37.98140516,6,13
Invesco,2017-09-30,MSWM,7.52132169,7,13
Congress Asset Management,2017-09-30,MSWM,4.60568370,8,13
GW&K Investment Management  ,2017-09-30,MSWM,-9.25547009,9,13
Anchor Capital LLC,2017-09-30,MSWM,-16.40900119,10,13
Franklin Templeton,2017-09-30,MSWM,-29.78983403,11,13
Renaissance Investment Management,2017-09-30,MSWM,-30.91000000,12,13
Allianz Global Investors,2017-09-30,MSWM,-113.31222214,13,13
Invesco,2017-09-30,Natixis,0.13602991,1,2
Brandes,2017-09-30,Natixis,-4.11024609,2,2
GW&K Investment Management  ,2017-09-30,Oppenheimer,11.03244553,1,6
Legg Mason,2017-09-30,Oppenheimer,3.65290014,2,6
Delaware,2017-09-30,Oppenheimer,1.95731041,3,6
Brandes,2017-09-30,Oppenheimer,1.92342364,4,6
Congress Asset Management,2017-09-30,Oppenheimer,0.16921457,5,6
Invesco,2017-09-30,Oppenheimer,-1.66680076,6,6
GW&K Investment Management  ,2017-09-30,PNC,22.06495430,1,6
Principal,2017-09-30,PNC,12.72245566,2,6
Delaware,2017-09-30,PNC,1.07328819,3,6
Franklin Templeton,2017-09-30,PNC,-0.00600000,4,6
Lazard Asset Management LLC,2017-09-30,PNC,-0.01302477,5,6
Legg Mason,2017-09-30,PNC,-0.53662573,6,6
Legg Mason,2017-09-30,Raymond James,307.07908761,1,12
Delaware,2017-09-30,Raymond James,30.38013778,2,12
GW&K Investment Management  ,2017-09-30,Raymond James,14.83421012,3,12
Principal,2017-09-30,Raymond James,13.52309659,4,12
Lazard Asset Management LLC,2017-09-30,Raymond James,12.99144676,5,12
Anchor Capital LLC,2017-09-30,Raymond James,5.08400000,6,12
Invesco,2017-09-30,Raymond James,3.22703745,7,12
Franklin Templeton,2017-09-30,Raymond James,-0.04993816,8,12
Congress Asset Management,2017-09-30,Raymond James,-0.35120578,9,12
Brandes,2017-09-30,Raymond James,-0.79893145,10,12
Lord Abbett,2017-09-30,Raymond James,-2.77512389,11,12
Allianz Global Investors,2017-09-30,Raymond James,-8.44425114,12,12
Principal,2017-09-30,RBC,29.26951584,1,10
Legg Mason,2017-09-30,RBC,12.03644564,2,10
GW&K Investment Management  ,2017-09-30,RBC,4.69082460,3,10
Brandes,2017-09-30,RBC,4.54158831,4,10
Lazard Asset Management LLC,2017-09-30,RBC,4.06806107,5,10
Congress Asset Management,2017-09-30,RBC,2.57507397,6,10
Anchor Capital LLC,2017-09-30,RBC,1.17496400,7,10
Invesco,2017-09-30,RBC,0.52424546,8,10
Lord Abbett,2017-09-30,RBC,0.29224437,9,10
Franklin Templeton,2017-09-30,RBC,-0.86112091,10,10
Legg Mason,2017-09-30,Stifel,41.80916665,1,10
GW&K Investment Management  ,2017-09-30,Stifel,17.01762242,2,10
Brandes,2017-09-30,Stifel,7.69341728,3,10
Lazard Asset Management LLC,2017-09-30,Stifel,0.50000000,4,10
Principal,2017-09-30,Stifel,0.02473795,5,10
Franklin Templeton,2017-09-30,Stifel,0.02040354,6,10
Allianz Global Investors,2017-09-30,Stifel,-0.08536621,7,10
Invesco,2017-09-30,Stifel,-0.42081021,8,10
Anchor Capital LLC,2017-09-30,Stifel,-0.49800000,9,10
Lord Abbett,2017-09-30,Stifel,-1.34217262,10,10
GW&K Investment Management  ,2017-09-30,UBS,55.60120627,1,13
Lazard Asset Management LLC,2017-09-30,UBS,37.90731508,2,13
Delaware,2017-09-30,UBS,20.87081149,3,13
Lord Abbett,2017-09-30,UBS,20.84280322,4,13
Renaissance Investment Management,2017-09-30,UBS,-0.87000000,5,13
Franklin Templeton,2017-09-30,UBS,-0.87892482,6,13
Congress Asset Management,2017-09-30,UBS,-5.04553744,7,13
Legg Mason,2017-09-30,UBS,-14.02263381,8,13
Brandes,2017-09-30,UBS,-15.64376825,9,13
Anchor Capital LLC,2017-09-30,UBS,-17.94238427,10,13
Invesco,2017-09-30,UBS,-27.66264904,11,13
Principal,2017-09-30,UBS,-43.07106249,12,13
Allianz Global Investors,2017-09-30,UBS,-53.25313500,13,13
Principal,2017-12-31,Adhesion,2.23482852,1,6
Lazard Asset Management LLC,2017-12-31,Adhesion,0.44100000,2,6
Invesco,2017-12-31,Adhesion,0.11596111,3,6
Renaissance Investment Management,2017-12-31,Adhesion,0.06000000,4,6
Anchor Capital LLC,2017-12-31,Adhesion,-0.00964400,5,6
Congress Asset Management,2017-12-31,Adhesion,-1.08412046,6,6
Legg Mason,2017-12-31,Ameriprise,33.13860130,1,10
Lazard Asset Management LLC,2017-12-31,Ameriprise,16.91800000,2,10
Renaissance Investment Management,2017-12-31,Ameriprise,1.73000000,3,10
Lord Abbett,2017-12-31,Ameriprise,0.20000000,4,10
Invesco,2017-12-31,Ameriprise,-0.41347149,5,10
Delaware,2017-12-31,Ameriprise,-0.72845565,6,10
GW&K Investment Management  ,2017-12-31,Ameriprise,-4.95375274,7,10
Principal,2017-12-31,Ameriprise,-11.75225714,8,10
Franklin Templeton,2017-12-31,Ameriprise,-13.76201597,9,10
Anchor Capital LLC,2017-12-31,Ameriprise,-48.57800000,10,10
Delaware,2017-12-31,Citi,25.24354598,1,9
Legg Mason,2017-12-31,Citi,11.14986211,2,9
Brandes,2017-12-31,Citi,4.50272668,3,9
Lord Abbett,2017-12-31,Citi,0.77724644,4,9
Allianz Global Investors,2017-12-31,Citi,0.12583300,5,9
Renaissance Investment Management,2017-12-31,Citi,-0.54000000,6,9
Franklin Templeton,2017-12-31,Citi,-0.75857253,7,9
Invesco,2017-12-31,Citi,-0.77799219,8,9
Principal,2017-12-31,Citi,-8.68140454,9,9
Anchor Capital LLC,2017-12-31,Edward Jones,92.96200000,1,8
GW&K Investment Management  ,2017-12-31,Edward Jones,41.29698816,2,8
Lazard Asset Management LLC,2017-12-31,Edward Jones,4.05400000,3,8
Legg Mason,2017-12-31,Edward Jones,3.45546044,4,8
Invesco,2017-12-31,Edward Jones,3.00719467,5,8
Congress Asset Management,2017-12-31,Edward Jones,2.06794577,6,8
Franklin Templeton,2017-12-31,Edward Jones,1.60656922,7,8
Principal,2017-12-31,Edward Jones,0.26214679,8,8
Legg Mason,2017-12-31,Janney,33.53675001,1,8
Principal,2017-12-31,Janney,30.91779652,2,8
Lazard Asset Management LLC,2017-12-31,Janney,0.77300000,3,8
Lord Abbett,2017-12-31,Janney,0.58375638,4,8
Renaissance Investment Management,2017-12-31,Janney,0.47000000,5,8
Brandes,2017-12-31,Janney,0.16338995,6,8
GW&K Investment Management  ,2017-12-31,Janney,-0.20023792,7,8
Anchor Capital LLC,2017-12-31,Janney,-3.40172800,8,8
Lord Abbett,2017-12-31,LPL,3.72919386,1,11
Legg Mason,2017-12-31,LPL,3.59774452,2,11
Lazard Asset Management LLC,2017-12-31,LPL,3.46600000,3,11
Congress Asset Management,2017-12-31,LPL,2.37597778,4,11
Brandes,2017-12-31,LPL,1.86142705,5,11
Franklin Templeton,2017-12-31,LPL,0.85685556,6,11
Anchor Capital LLC,2017-12-31,LPL,-0.09800000,7,11
Renaissance Investment Management,2017-12-31,LPL,-0.82697000,8,11
GW&K Investment Management  ,2017-12-31,LPL,-1.35412543,9,11
Invesco,2017-12-31,LPL,-2.17951453,10,11
Delaware,2017-12-31,LPL,-5.30287700,11,11
Legg Mason,2017-12-31,Merrill,445.72303117,1,13
GW&K Investment Management  ,2017-12-31,Merrill,323.92845469,2,13
Principal,2017-12-31,Merrill,76.17340636,3,13
Delaware,2017-12-31,Merrill,58.97917101,4,13
Lazard Asset Management LLC,2017-12-31,Merrill,27.24663703,5,13
Renaissance Investment Management,2017-12-31,Merrill,9.22000000,6,13
Franklin Templeton,2017-12-31,Merrill,5.32135294,7,13
Congress Asset Management,2017-12-31,Merrill,4.76438469,8,13
Brandes,2017-12-31,Merrill,-5.17948366,9,13
Lord Abbett,2017-12-31,Merrill,-6.92935086,10,13
Anchor Capital LLC,2017-12-31,Merrill,-12.39824733,11,13
Invesco,2017-12-31,Merrill,-30.14644503,12,13
Allianz Global Investors,2017-12-31,Merrill,-73.79258698,13,13
Lazard Asset Management LLC,2017-12-31,MSWM,209.02249934,1,13
Principal,2017-12-31,MSWM,68.75219901,2,13
Delaware,2017-12-31,MSWM,41.74307387,3,13
Congress Asset Management,2017-12-31,MSWM,30.12442240,4,13
GW&K Investment Management  ,2017-12-31,MSWM,12.47345705,5,13
Lord Abbett,2017-12-31,MSWM,11.66060436,6,13
Brandes,2017-12-31,MSWM,2.78106855,7,13
Franklin Templeton,2017-12-31,MSWM,-22.38546884,8,13
Anchor Capital LLC,2017-12-31,MSWM,-43.20215627,9,13
Allianz Global Investors,2017-12-31,MSWM,-49.47178203,10,13
Invesco,2017-12-31,MSWM,-75.58844385,11,13
Renaissance Investment Management,2017-12-31,MSWM,-79.65000000,12,13
Legg Mason,2017-12-31,MSWM,-162.12815346,13,13
Invesco,2017-12-31,Natixis,-0.01931780,1,2
Brandes,2017-12-31,Natixis,-4.87308607,2,2
Legg Mason,2017-12-31,Oppenheimer,4.38383100,1,6
Delaware,2017-12-31,Oppenheimer,1.13199463,2,6
Invesco,2017-12-31,Oppenheimer,-0.82096458,3,6
Brandes,2017-12-31,Oppenheimer,-2.22535825,4,6
Congress Asset Management,2017-12-31,Oppenheimer,-2.36887745,5,6
GW&K Investment Management  ,2017-12-31,Oppenheimer,-14.53881950,6,6
Delaware,2017-12-31,PNC,21.07094201,1,6
GW&K Investment Management  ,2017-12-31,PNC,11.11881945,2,6
Legg Mason,2017-12-31,PNC,0.84591947,3,6
Principal,2017-12-31,PNC,0.02015919,4,6
Franklin Templeton,2017-12-31,PNC,-0.00600000,5,6
Lazard Asset Management LLC,2017-12-31,PNC,-0.01214245,6,6
Legg Mason,2017-12-31,Raymond James,134.45088314,1,12
Lazard Asset Management LLC,2017-12-31,Raymond James,20.95096203,2,12
Principal,2017-12-31,Raymond James,16.35458864,3,12
Anchor Capital LLC,2017-12-31,Raymond James,3.71900000,4,12
Lord Abbett,2017-12-31,Raymond James,2.14616572,5,12
Delaware,2017-12-31,Raymond James,0.31010464,6,12
Brandes,2017-12-31,Raymond James,0.19986447,7,12
Franklin Templeton,2017-12-31,Raymond James,-1.54366408,8,12
Allianz Global Investors,2017-12-31,Raymond James,-2.10819714,9,12
Congress Asset Management,2017-12-31,Raymond James,-3.19770474,10,12
Invesco,2017-12-31,Raymond James,-3.54946412,11,12
GW&K Investment Management  ,2017-12-31,Raymond James,-17.65755949,12,12
Legg Mason,2017-12-31,RBC,16.92342954,1,10
GW&K Investment Management  ,2017-12-31,RBC,15.89315055,2,10
Lazard Asset Management LLC,2017-12-31,RBC,6.62600866,3,10
Anchor Capital LLC,2017-12-31,RBC,4.91637000,4,10
Franklin Templeton,2017-12-31,RBC,3.72394094,5,10
Lord Abbett,2017-12-31,RBC,1.19703181,6,10
Brandes,2017-12-31,RBC,0.97257276,7,10
Invesco,2017-12-31,RBC,-0.65812802,8,10
Congress Asset Management,2017-12-31,RBC,-2.13100721,9,10
Principal,2017-12-31,RBC,-31.94130849,10,10
Legg Mason,2017-12-31,Stifel,47.72988393,1,10
GW&K Investment Management  ,2017-12-31,Stifel,5.86367766,2,10
Brandes,2017-12-31,Stifel,1.09928040,3,10
Franklin Templeton,2017-12-31,Stifel,0.78679823,4,10
Anchor Capital LLC,2017-12-31,Stifel,0.75600000,5,10
Principal,2017-12-31,Stifel,0.52437623,6,10
Lord Abbett,2017-12-31,Stifel,-0.00116939,7,10
Lazard Asset Management LLC,2017-12-31,Stifel,-0.03998249,8,10
Allianz Global Investors,2017-12-31,Stifel,-0.64599454,9,10
Invesco,2017-12-31,Stifel,-1.67191415,10,10
Delaware,2017-12-31,UBS,24.32534367,1,13
Principal,2017-12-31,UBS,20.05090212,2,13
Lord Abbett,2017-12-31,UBS,15.13310892,3,13
GW&K Investment Management  ,2017-12-31,UBS,14.69648810,4,13
Lazard Asset Management LLC,2017-12-31,UBS,9.57083146,5,13
Congress Asset Management,2017-12-31,UBS,-7.36025820,6,13
Franklin Templeton,2017-12-31,UBS,-10.98309501,7,13
Renaissance Investment Management,2017-12-31,UBS,-15.67000000,8,13
Anchor Capital LLC,2017-12-31,UBS,-29.91079367,9,13
Legg Mason,2017-12-31,UBS,-56.26453998,10,13
Invesco,2017-12-31,UBS,-56.70161606,11,13
Brandes,2017-12-31,UBS,-56.94670099,12,13
Allianz Global Investors,2017-12-31,UBS,-82.25204500,13,13
Anchor Capital LLC,2018-03-31,Adhesion,193.35868100,1,6
Principal,2018-03-31,Adhesion,0.53441047,2,6
Lazard Asset Management LLC,2018-03-31,Adhesion,0.44100000,3,6
Invesco,2018-03-31,Adhesion,0.34820000,4,6
Congress Asset Management,2018-03-31,Adhesion,-0.31629128,5,6
Renaissance Investment Management,2018-03-31,Adhesion,-0.34000000,6,6
Legg Mason,2018-03-31,Ameriprise,21.97976714,1,10
Lazard Asset Management LLC,2018-03-31,Ameriprise,16.91800000,2,10
Renaissance Investment Management,2018-03-31,Ameriprise,2.37000000,3,10
Lord Abbett,2018-03-31,Ameriprise,-0.10000000,4,10
Delaware,2018-03-31,Ameriprise,-0.44014179,5,10
Invesco,2018-03-31,Ameriprise,-0.78948241,6,10
GW&K Investment Management  ,2018-03-31,Ameriprise,-3.26579470,7,10
Franklin Templeton,2018-03-31,Ameriprise,-7.60297541,8,10
Anchor Capital LLC,2018-03-31,Ameriprise,-8.84600000,9,10
Principal,2018-03-31,Ameriprise,-11.69852324,10,10
Legg Mason,2018-03-31,Citi,690.45097107,1,9
Invesco,2018-03-31,Citi,26.22609901,2,9
Delaware,2018-03-31,Citi,4.65675561,3,9
Principal,2018-03-31,Citi,1.28808871,4,9
Renaissance Investment Management,2018-03-31,Citi,1.19188000,5,9
Lord Abbett,2018-03-31,Citi,0.77879056,6,9
Brandes,2018-03-31,Citi,-0.17405824,7,9
Allianz Global Investors,2018-03-31,Citi,-0.61544800,8,9
Franklin Templeton,2018-03-31,Citi,-1.26542483,9,9
GW&K Investment Management  ,2018-03-31,Edward Jones,27.08744994,1,7
Invesco,2018-03-31,Edward Jones,10.51477394,2,7
Legg Mason,2018-03-31,Edward Jones,7.43637195,3,7
Lazard Asset Management LLC,2018-03-31,Edward Jones,4.05400000,4,7
Congress Asset Management,2018-03-31,Edward Jones,2.47757889,5,7
Anchor Capital LLC,2018-03-31,Edward Jones,0.97900000,6,7
Principal,2018-03-31,Edward Jones,0.68011860,7,7
Legg Mason,2018-03-31,Janney,25.58639216,1,8
Principal,2018-03-31,Janney,3.52604026,2,8
Anchor Capital LLC,2018-03-31,Janney,2.70765790,3,8
Lazard Asset Management LLC,2018-03-31,Janney,0.77300000,4,8
Renaissance Investment Management,2018-03-31,Janney,0.14800000,5,8
Brandes,2018-03-31,Janney,-0.06001706,6,8
GW&K Investment Management  ,2018-03-31,Janney,-0.15866037,7,8
Lord Abbett,2018-03-31,Janney,-0.31338080,8,8
Legg Mason,2018-03-31,LPL,30.35813720,1,11
GW&K Investment Management  ,2018-03-31,LPL,16.96132380,2,11
Congress Asset Management,2018-03-31,LPL,4.94112331,3,11
Invesco,2018-03-31,LPL,3.85887653,4,11
Franklin Templeton,2018-03-31,LPL,3.69587958,5,11
Lazard Asset Management LLC,2018-03-31,LPL,3.46600000,6,11
Brandes,2018-03-31,LPL,2.41317387,7,11
Lord Abbett,2018-03-31,LPL,1.76772456,8,11
Anchor Capital LLC,2018-03-31,LPL,-0.50900000,9,11
Renaissance Investment Management,2018-03-31,LPL,-2.49000000,10,11
Delaware,2018-03-31,LPL,-2.91553576,11,11
Legg Mason,2018-03-31,Merrill,748.13244182,1,13
Lord Abbett,2018-03-31,Merrill,191.17441591,2,13
GW&K Investment Management  ,2018-03-31,Merrill,113.13669836,3,13
Principal,2018-03-31,Merrill,29.50080294,4,13
Lazard Asset Management LLC,2018-03-31,Merrill,25.72000000,5,13
Renaissance Investment Management,2018-03-31,Merrill,13.33000000,6,13
Congress Asset Management,2018-03-31,Merrill,2.79670130,7,13
Anchor Capital LLC,2018-03-31,Merrill,-2.12364105,8,13
Brandes,2018-03-31,Merrill,-7.15384003,9,13
Franklin Templeton,2018-03-31,Merrill,-21.70958440,10,13
Invesco,2018-03-31,Merrill,-49.18482526,11,13
Allianz Global Investors,2018-03-31,Merrill,-59.73754139,12,13
Delaware,2018-03-31,Merrill,-68.34372420,13,13
Lazard Asset Management LLC,2018-03-31,MSWM,210.98300000,1,13
Legg Mason,2018-03-31,MSWM,61.02809463,2,13
Invesco,2018-03-31,MSWM,51.32641039,3,13
Principal,2018-03-31,MSWM,46.01587066,4,13
Lord Abbett,2018-03-31,MSWM,15.74639619,5,13
Renaissance Investment Management,2018-03-31,MSWM,13.74000000,6,13
Congress Asset Management,2018-03-31,MSWM,-11.45877319,7,13
Anchor Capital LLC,2018-03-31,MSWM,-19.50441545,8,13
Brandes,2018-03-31,MSWM,-23.88916005,9,13
Franklin Templeton,2018-03-31,MSWM,-29.51476188,10,13
Allianz Global Investors,2018-03-31,MSWM,-29.83098579,11,13
Delaware,2018-03-31,MSWM,-53.81273982,12,13
GW&K Investment Management  ,2018-03-31,MSWM,-63.87726723,13,13
Brandes,2018-03-31,Natixis,8.69696547,1,2
Invesco,2018-03-31,Natixis,0.04989181,2,2
GW&K Investment Management  ,2018-03-31,Oppenheimer,9.93487085,1,6
Legg Mason,2018-03-31,Oppenheimer,7.09121825,2,6
Brandes,2018-03-31,Oppenheimer,3.72685399,3,6
Invesco,2018-03-31,Oppenheimer,0.33815213,4,6
Delaware,2018-03-31,Oppenheimer,-1.43630862,5,6
Congress Asset Management,2018-03-31,Oppenheimer,-2.42576008,6,6
GW&K Investment Management  ,2018-03-31,PNC,23.90422869,1,5
Principal,2018-03-31,PNC,4.91104446,2,5
Legg Mason,2018-03-31,PNC,3.95456552,3,5
Franklin Templeton,2018-03-31,PNC,-0.00600000,4,5
Delaware,2018-03-31,PNC,-3.27903699,5,5
Legg Mason,2018-03-31,Raymond James,215.24485863,1,12
Lazard Asset Management LLC,2018-03-31,Raymond James,19.19500000,2,12
Principal,2018-03-31,Raymond James,17.49840252,3,12
Lord Abbett,2018-03-31,Raymond James,4.29998795,4,12
Allianz Global Investors,2018-03-31,Raymond James,1.85536745,5,12
Anchor Capital LLC,2018-03-31,Raymond James,0.60900000,6,12
Brandes,2018-03-31,Raymond James,-0.72833378,7,12
Congress Asset Management,2018-03-31,Raymond James,-2.78232397,8,12
Invesco,2018-03-31,Raymond James,-3.52110667,9,12
GW&K Investment Management  ,2018-03-31,Raymond James,-3.79448326,10,12
Delaware,2018-03-31,Raymond James,-5.17479394,11,12
Franklin Templeton,2018-03-31,Raymond James,-13.87845244,12,12
Legg Mason,2018-03-31,RBC,25.91074157,1,10
Lazard Asset Management LLC,2018-03-31,RBC,7.58400000,2,10
Franklin Templeton,2018-03-31,RBC,1.45408919,3,10
Anchor Capital LLC,2018-03-31,RBC,0.56240500,4,10
Congress Asset Management,2018-03-31,RBC,0.44851835,5,10
Lord Abbett,2018-03-31,RBC,-0.10024260,6,10
GW&K Investment Management  ,2018-03-31,RBC,-0.15150373,7,10
Invesco,2018-03-31,RBC,-1.02969591,8,10
Principal,2018-03-31,RBC,-6.44826817,9,10
Brandes,2018-03-31,RBC,-9.54752071,10,10
Legg Mason,2018-03-31,Stifel,54.74243784,1,9
GW&K Investment Management  ,2018-03-31,Stifel,2.95581965,2,9
Brandes,2018-03-31,Stifel,1.37145288,3,9
Lord Abbett,2018-03-31,Stifel,0.94481239,4,9
Anchor Capital LLC,2018-03-31,Stifel,0.18100000,5,9
Principal,2018-03-31,Stifel,0.16284142,6,9
Franklin Templeton,2018-03-31,Stifel,0.02894226,7,9
Allianz Global Investors,2018-03-31,Stifel,-0.08898677,8,9
Invesco,2018-03-31,Stifel,-0.57481182,9,9
Lord Abbett,2018-03-31,UBS,141.43273575,1,13
GW&K Investment Management  ,2018-03-31,UBS,44.94215738,2,13
Lazard Asset Management LLC,2018-03-31,UBS,9.64000000,3,13
Renaissance Investment Management,2018-03-31,UBS,-2.96000000,4,13
Franklin Templeton,2018-03-31,UBS,-3.57374044,5,13
Delaware,2018-03-31,UBS,-9.08472222,6,13
Congress Asset Management,2018-03-31,UBS,-10.01334058,7,13
Brandes,2018-03-31,UBS,-15.60963289,8,13
Anchor Capital LLC,2018-03-31,UBS,-16.53589719,9,13
Principal,2018-03-31,UBS,-25.31304010,10,13
Allianz Global Investors,2018-03-31,UBS,-28.98351900,11,13
Legg Mason,2018-03-31,UBS,-36.42208573,12,13
Invesco,2018-03-31,UBS,-37.72149819,13,13
