AssetManager,TampRIAPlatform,SponsorFirm,SponsorFirmId,AdvisoryPlatform,AdvisoryPlatformCode,SmaStrategy,MorningstarStrategyId,SmaProductType,SmaProductTypeCode,MorningstarClass,MorningstarClassId,ManagerClass,TotalAccounts,1Q 2016 a,1Q 2016 g,1Q 2016 r,1Q 2016 n,1Q 2016 d,2Q 2016 a,2Q 2016 g,2Q 2016 r,2Q 2016 n,2Q 2016 d,3Q 2016 a,3Q 2016 g,3Q 2016 r,3Q 2016 n,3Q 2016 d,4Q 2016 a,4Q 2016 g,4Q 2016 r,4Q 2016 n,4Q 2016 d,1Q 2017 a,1Q 2017 g,1Q 2017 r,1Q 2017 n,1Q 2017 d,2Q 2017 a,2Q 2017 g,2Q 2017 r,2Q 2017 n,2Q 2017 d,3Q 2017 a,3Q 2017 g,3Q 2017 r,3Q 2017 n,3Q 2017 d,4Q 2017 a,4Q 2017 g,4Q 2017 r,4Q 2017 n,4Q 2017 d,1Q 2018 a,1Q 2018 g,1Q 2018 r,1Q 2018 n,1Q 2018 d
Lazard Asset Management LLC,,Envestnet Asset Management Inc.,111694,,,LCAS Global Diversified 25/75 Non-taxable,F00000LZ6A,Model-Delivered,Model,Allocation--30% to 50% Equity,CA,Tactical Asset Allocation Balanced,,1.878,0.182,,0.182,,2.02,0.122,,0.122,,2.053,,,0,,2.041,0.054,,0.054,,2.069,,,0,,0.607,,,0,,2.201,0.07,,0.07,,0.339,0.185,2.058,-1.873,,,,,,
Lazard Asset Management LLC,,Envestnet Asset Management Inc.,111694,,,LCAS Global Diversified 25/75 Taxable,F00000LZ42,Model-Delivered,Model,Allocation--30% to 50% Equity,CA,Tactical Asset Allocation Balanced,,0.526,0.66,,0.66,,0.534,,,0,,0.545,,,0,,0.582,0.057,,0.057,,0.601,,,0,,,,,0,,0.788,0.168,,0.168,,0.539,,0.251,-0.251,,,,,,
Lazard Asset Management LLC,,Merrill,7691,,,U.S. Intermediate Core Fixed Income,FOUSA088J8,Dual,Dual,Short-Term Bond ,CS,(1) Domestic Taxable Bond - Core Bond (2) Domestic Taxable Bond - Intermediate Investment Grade (4-6),,6.724,,,0,,6.741,,,0,,6.792,,,0,,6.638,,,0,,7.133,,,0,,7.106,,,0,,7.059,,,0,,7.245,,,0,,,,,,
Lazard Asset Management LLC,,"Charles Schwab & Co., Inc.",5393, ,,Developing Markets Equity Select ADR,F00000LZVI,Dual,Dual,Diversified Emerging Mkts ,EM,Emerging Mkt Equity - Unhedged,,1.76,,,0,,1.627,,,0,,1.792,,,0,,1.726,,,0,,1.961,,,0,,1.812,,,0,,2.025,,,0,,2.125,,,0,,,,,,
Lazard Asset Management LLC,,Fidelity Investments,108252,,,Developing Markets Equity Select ADR,F00000LZVI,Dual,Dual,Diversified Emerging Mkts ,EM,Emerging Mkt Equity - Unhedged,,0.119,,0.432,-0.432,,0.124,,,0,,0.137,,,0,,0.132,,,0,,0.15,,,0,,0.158,,,0,,0.182,,,0,,0.192,,,0,,,,,,
Lazard Asset Management LLC,,JP Morgan Chase Bank,,,,Developing Markets Equity Select ADR,F00000LZVI,Dual,Dual,Diversified Emerging Mkts ,EM,Emerging Mkt Equity - Unhedged,,,,,,,,,,,,,,,,,,,,,,,,,,,,,,,,0.244,0.25,,0.25,,1.658,,,0,,,,,,
Lazard Asset Management LLC,,"Charles Schwab & Co., Inc.",5393, ,,Emerging Markets Equity Select ADR,FOUSA08ZYF,Dual,Dual,Diversified Emerging Mkts ,EM,Diversified Emerging Markets,,22.207,,,0,,23.051,,,0,,24.041,0.24,,0.24,,23.402,,,0,,30.354,,,0,,30.507,,,0,,33.795,0.75,,0.75,,32.316,0.985,,0.985,,,,,,
Lazard Asset Management LLC,,Fidelity Investments,108252,,,Emerging Markets Equity Select ADR,FOUSA08ZYF,Dual,Dual,Diversified Emerging Mkts ,EM,Diversified Emerging Markets,,3.509,,,0,,3.668,,,0,,4.015,,,0,,3.893,,,0,,5.509,1.183,,1.183,,11.423,2.967,,2.967,,12.742,0.25,,0.25,,15.659,1.787,0.29,1.497,,,,,,
Lazard Asset Management LLC,,JP Morgan Chase Bank,,,,Emerging Markets Equity Select ADR,FOUSA08ZYF,Dual,Dual,Diversified Emerging Mkts ,EM,Diversified Emerging Markets,,8.169,,,0,,8.563,,,0,,9.397,,,0,,9.078,2,2.04,-0.04,,11.377,11.632,,11.632,,22.828,,,0,,24.953,0.3,,0.3,,26.957,,,0,,,,,,
Lazard Asset Management LLC,,"Lockwood Advisors, Inc.",106108,,,Emerging Markets Equity Select ADR,FOUSA08ZYF,Dual,Dual,Diversified Emerging Mkts ,EM,Diversified Emerging Markets,,6.022,,,0,,6.29,,,0,,6.488,,,0,,6.287,,,0,,6.937,,,0,,7.007,,,0,,7.646,,,0,,8.295,,,0,,,,,,
Lazard Asset Management LLC,,Merrill,7691,,,Emerging Markets Equity Select ADR,FOUSA08ZYF,Dual,Dual,Diversified Emerging Mkts ,EM,Diversified Emerging Markets,,62.03,,10.439,-10.439,,64.805,,1.004,-1.004,,77.732,,10.021,-10.021,,71.408,,3.894,-3.894,,75.823,,,0,,76.501,,2.984,-2.984,,83.002,,,0,,91.622,,,0,,,,,,
Lazard Asset Management LLC,,Morgan Stanley,149777,,,Emerging Markets Equity Select ADR,FOUSA08ZYF,Dual,Dual,Diversified Emerging Mkts ,EM,Diversified Emerging Markets,,38.598,,,0,,37.373,,1.508,-1.508,,38.101,,0.51,-0.51,,36.405,,,0,,39.182,0.377,,0.377,,38.755,,,0,,42.064,0.125,,0.125,,48.064,3.5,,3.5,,,,,,
Lazard Asset Management LLC,,Northern Trust,7927,,,Emerging Markets Equity Select ADR,FOUSA08ZYF,Dual,Dual,Diversified Emerging Mkts ,EM,Diversified Emerging Markets,,3.703,,,0,,5.793,,,0,,6.352,,,0,,6.043,,,0,,6.784,,,0,,7.883,,,0,,8.519,,,0,,8.455,,,0,,,,,,
Lazard Asset Management LLC,,"Raymond James & Associates, Inc.",705,,,Emerging Markets Equity Select ADR,FOUSA08ZYF,Dual,Dual,Diversified Emerging Mkts ,EM,Diversified Emerging Markets,,0.12,,,0,,0.125,,,0,,0.138,,,0,,0.133,,,0,,0.146,,,0,,0.242,,,0,,0.264,,,0,,0.286,,,0,,,,,,
Lazard Asset Management LLC,,RBC Wealth Management,31194,,,Emerging Markets Equity Select ADR,FOUSA08ZYF,Dual,Dual,Diversified Emerging Mkts ,EM,Diversified Emerging Markets,,1.468,,0.325,-0.325,,1.43,,,0,,1.568,,,0,,1.521,,,0,,1.68,,,0,,1.696,,,0,,1.484,,0.357,-0.357,,1.55,,,0,,,,,,
Lazard Asset Management LLC,,TD Ameritrade,7870,,,Emerging Markets Equity Select ADR,FOUSA08ZYF,Dual,Dual,Diversified Emerging Mkts ,EM,Diversified Emerging Markets,,,,,,,,,,,,,,,,,,,,,,,,,,,,,,,,,,,,,0.268,0.25,,0.25,,,,,,
Lazard Asset Management LLC,,UBS Financial Services,8174,,,Emerging Markets Equity Select ADR,FOUSA08ZYF,Dual,Dual,Diversified Emerging Mkts ,EM,Diversified Emerging Markets,,46.791,0.571,13.674,-13.103,,49.638,0.624,2.378,-1.754,,48.908,0.856,5.946,-5.09,,45.402,,,0,,49.794,,0.339,-0.339,,50.471,,0.705,-0.705,,57.115,,0.348,-0.348,,52.708,,8.21,-8.21,,,,,,
Lazard Asset Management LLC,,Wells Fargo Advisors,11025,,,Emerging Markets Equity Select ADR,FOUSA08ZYF,Dual,Dual,Diversified Emerging Mkts ,EM,Diversified Emerging Markets,,3.128,,,0,,3.292,,,0,,3.62,,,0,,3.511,,,0,,3.941,,,0,,3.999,,,0,,5.363,,,0,,5.807,,,0,,,,,,
Lazard Asset Management LLC,,Morgan Stanley,149777,,,Developing Markets Equity Select ADR,F00000LZVI,Model-Delivered,Model,Diversified Emerging Mkts ,EM,Emerging Mkt Equity - Unhedged,,39.73,3.52,9.562,-6.042,,39.182,1.679,0.605,1.074,,44.564,2.697,3.864,-1.167,,39.254,2.363,1.987,0.376,,43.712,2.526,3.802,-1.276,,47.571,2.761,2.214,0.547,,55.292,3.504,0.885,2.619,,67.954,11.7,1.607,10.093,,,,,,
Lazard Asset Management LLC,,SEI Investments,105146,,,Developing Markets Equity Select ADR,F00000LZVI,Model-Delivered,Model,Diversified Emerging Mkts ,EM,Emerging Mkt Equity - Unhedged,,24.335,1.07,2.045,-0.975,,22.943,1.147,0.968,0.179,,25.929,1.07,3.097,-2.027,,26.182,2.221,0.98,1.241,,29.887,1.509,1.478,0.031,,31.952,4.79,0.91,3.88,,35.645,2.262,0.819,1.443,,39.586,3.597,3.405,0.192,,,,,,
Lazard Asset Management LLC,,Merrill,7691,,,Developing Markets Equity Select ADR/GDR,F00000XAYD,Model-Delivered,Model,Diversified Emerging Mkts,EM,Diversified Emerging Markets,,7.1,0.364,0.871,-0.507,,7.422,0.254,,0.254,,6.237,1.824,,1.824,,4.75,,5.239,-5.239,,17.196,12.962,0.569,12.393,,23.598,4.682,,4.682,,37.874,10.109,0.59,9.519,,67.266,7.083,,7.083,,,,,,
Lazard Asset Management LLC,,Envestnet Asset Management Inc.,111694,,,Emerging Markets Core Equity Select ADR,F00000XNDQ,Model-Delivered,Model,Diversified Emerging Mkts,EM,Diversified Emerging Markets,,,,,,,,,,,,,,,,,0.19,0.184,,0.184,,0.21,,,0,,0.327,0.1,,0.1,,0.514,,,0,,0.623,,,0,,,,,,
Lazard Asset Management LLC,,Morgan Stanley,149777,,,Emerging Markets Core Equity Select ADR,F00000XNDQ,Model-Delivered,Model,Diversified Emerging Mkts,EM,Diversified Emerging Markets,,9.049,1.957,0.073,1.884,,14.35,5.587,0.266,5.321,,23.824,9.671,0.416,9.255,,21.213,5.098,5.367,-0.269,,38.235,13.724,2.678,11.046,,49.444,7.265,0.268,6.997,,69.137,14.329,1.089,13.24,,263.182,184.378,5.595,178.783,,,,,,
Lazard Asset Management LLC,,CIBC Asset Management Inc.,106508,,,Emerging Markets Equity Select ADR,FOUSA08ZYF,Model-Delivered,Model,Diversified Emerging Mkts ,EM,Diversified Emerging Markets,,12.705,,,0,,13.525,,,0,,13.021,,,0,,12.376,,,0,,12.441,,,0,,14.387,,,0,,16.652,,,0,,17.971,,,0,,,,,,
Lazard Asset Management LLC,,Envestnet Asset Management Inc.,111694,,,Emerging Markets Equity Select ADR,FOUSA08ZYF,Model-Delivered,Model,Diversified Emerging Mkts ,EM,Diversified Emerging Markets,,10.681,,0.439,-0.439,,11.278,0.185,,0.185,,12.07,,0.078,-0.078,,14.397,2.609,,2.609,,15.684,0.363,,0.363,,17.771,1.474,0.356,1.118,,19.924,0.528,,0.528,,26.155,4.098,0.13,3.968,,,,,,
Lazard Asset Management LLC,,Merrill,7691,,,Emerging Markets Equity Select ADR,FOUSA08ZYF,Model-Delivered,Model,Diversified Emerging Mkts ,EM,Diversified Emerging Markets,,54.264,10.458,0.592,9.866,,55.715,0.349,9.077,-8.728,,70.272,8.84,1.275,7.565,,102.218,30.153,1.024,29.129,,126.802,16.078,2.753,13.325,,126.94,2.024,1.766,0.258,,138.996,0.965,0.577,0.388,,149.793,1.074,0.779,0.295,,,,,,
Lazard Asset Management LLC,,Morgan Stanley,149777,,,Emerging Markets Equity Select ADR,FOUSA08ZYF,Model-Delivered,Model,Diversified Emerging Mkts ,EM,Diversified Emerging Markets,,1460.52,36.178,67.66,-31.482,,1525.345,41.937,26.302,15.635,,1671.757,67.846,39.367,28.479,,1466.707,71.913,54.659,17.254,,1851.171,98.754,54.09,44.664,,1996.03,119.301,37.49,81.811,,2234.048,157.521,43.95,113.571,,2423.487,114.211,105.458,8.753,,,,,,
Lazard Asset Management LLC,,Northern Trust,7927,,,Emerging Markets Equity Select ADR,FOUSA08ZYF,Model-Delivered,Model,Diversified Emerging Mkts ,EM,Diversified Emerging Markets,,92.953,,,0,,103.128,,,0,,118.635,,,0,,157.918,,,0,,167.25,,,0,,230.451,,,0,,305.46,,,0,,359.483,,,0,,,,,,
Lazard Asset Management LLC,,"Raymond James & Associates, Inc.",705,,,Emerging Markets Equity Select ADR,FOUSA08ZYF,Model-Delivered,Model,Diversified Emerging Mkts ,EM,Diversified Emerging Markets,,4.271,,,0,,4.22,,,0,,,,,0,,4.132,,,0,,4.412,,,0,,,0.109,,0.109,,,,,0,,,,4.691,-4.691,,,,,,
Lazard Asset Management LLC,,RBC Wealth Management,31194,,,Emerging Markets Equity Select ADR,FOUSA08ZYF,Model-Delivered,Model,Diversified Emerging Mkts ,EM,Diversified Emerging Markets,,,,,,,,,,,,,,,,,,,,,,,,,,,,,,,,,,,,,10.879,0.098,,0.098,,,,,,
Lazard Asset Management LLC,,UBS Financial Services,8174,,,Emerging Markets Equity Select ADR,FOUSA08ZYF,Model-Delivered,Model,Diversified Emerging Mkts ,EM,Diversified Emerging Markets,,,,,,,,,,,,0.139,0.139,,0.139,,0.794,,,0,,0.609,,,0,,1.83,,,0,,4.965,,,0,,6.247,,,0,,,,,,
Lazard Asset Management LLC,,UBS Private Bank,,,,Emerging Markets Equity Select ADR,FOUSA08ZYF,Model-Delivered,Model,Diversified Emerging Mkts ,EM,Diversified Emerging Markets,,7.89,,,0,,32.634,,,0,,54.482,,,0,,57.75,,,0,,61.768,,,0,,62.911,,,0,,68.485,,,0,,75.488,,,0,,,,,,
Lazard Asset Management LLC,,Wells Fargo Advisors,11025,,,Emerging Markets Equity Select ADR,FOUSA08ZYF,Model-Delivered,Model,Diversified Emerging Mkts ,EM,Diversified Emerging Markets,,147.312,0.682,7.178,-6.496,,153.013,0.267,2.557,-2.29,,159.206,2.077,2.257,-0.18,,159.298,11.739,7.311,4.428,,173.857,8.31,3.283,5.027,,196.191,20.228,11.304,8.924,,227.498,18.989,6.409,12.58,,259.392,19.152,2.954,16.198,,,,,,
Lazard Asset Management LLC,,Envestnet Asset Management Inc.,111694,,,Developing Markets Equity Select ADR,F00000LZVI,Traditional,Trad,Diversified Emerging Mkts ,EM,Emerging Mkt Equity - Unhedged,,0.186,,,0,,0.501,0.285,,0.285,,0.703,0.15,,0.15,,2.871,2.34,,2.34,,2.945,0.12,,0.12,,3.515,0.465,,0.465,,4.345,,0.114,-0.114,,5.337,0.75,,0.75,,,,,,
Lazard Asset Management LLC,,JP Morgan Securities,79,,,Developing Markets Equity Select ADR,F00000LZVI,Traditional,Trad,Diversified Emerging Mkts ,EM,Emerging Mkt Equity - Unhedged,,0.535,,,0,,0.563,,,0,,0.619,,,0,,0.597,,,0,,0.679,,,0,,0.718,,,0,,0.549,,,0,,1.109,0.574,,0.574,,,,,,
Lazard Asset Management LLC,,Morgan Stanley,149777,,,Developing Markets Equity Select ADR,F00000LZVI,Traditional,Trad,Diversified Emerging Mkts ,EM,Emerging Mkt Equity - Unhedged,,1.036,,2.122,-2.122,,1.088,,0.158,-0.158,,1.197,,,0,,,,1.22,-1.22,,,,,0,,,,,0,,,,,0,,,,,0,,,,,,
Lazard Asset Management LLC,,"Charles Schwab & Co., Inc.",5393,,,Emerging Markets Equity Select ADR,FOUSA08ZYF,Traditional,Trad,Diversified Emerging Mkts ,EM,Diversified Emerging Markets,,38.792,0.3,1.345,-1.045,,41.001,0.679,0.429,0.25,,45.275,0.306,0.41,-0.104,,42.441,0.61,0.839,-0.229,,46.746,1.485,1.756,-0.271,,39.699,5.412,14.475,-9.063,,46.276,3.262,2.662,0.6,,54.448,1.333,0.235,1.098,,,,,,
Lazard Asset Management LLC,,Envestnet Asset Management Inc.,111694,,,Emerging Markets Equity Select ADR,FOUSA08ZYF,Traditional,Trad,Diversified Emerging Mkts ,EM,Diversified Emerging Markets,,3.354,,0.568,-0.568,,2.914,,0.581,-0.581,,2.621,,0.52,-0.52,,2.462,0.093,0.357,-0.264,,1.322,1.266,2.445,-1.179,,1.327,,0.172,-0.172,,1.027,,0.27,-0.27,,1.203,0.283,0.328,-0.045,,,,,,
Lazard Asset Management LLC,,JP Morgan Securities,79,,,Emerging Markets Equity Select ADR,FOUSA08ZYF,Traditional,Trad,Diversified Emerging Mkts ,EM,Diversified Emerging Markets,,25.753,0.387,,0.387,,27.457,0.33,1.442,-1.112,,30.709,0.976,0.183,0.793,,30.367,0.768,0.388,0.38,,34.535,0.742,0.199,0.543,,38.044,2.47,,2.47,,44.728,2.632,0.336,2.296,,61.494,12.924,1.284,11.64,,,,,,
Lazard Asset Management LLC,,"Lockwood Advisors, Inc.",106108,,,Emerging Markets Equity Select ADR,FOUSA08ZYF,Traditional,Trad,Diversified Emerging Mkts ,EM,Diversified Emerging Markets,,43.171,,0.392,-0.392,,41.739,,3.166,-3.166,,45.958,0.75,0.207,0.543,,43.454,,0.407,-0.407,,48.701,1.27,0.478,0.792,,57.332,7.029,0.106,6.923,,76.999,10.063,,10.063,,99.456,13.803,4.41,9.393,,,,,,
Lazard Asset Management LLC,,LPL Financial Services,6413,,,Emerging Markets Equity Select ADR,FOUSA08ZYF,Traditional,Trad,Diversified Emerging Mkts ,EM,Diversified Emerging Markets,,,,,,,,,,,,,,,,,,,,,,,,,,,,,,,,,,,,,0.987,0.793,,0.793,,,,,,
Lazard Asset Management LLC,,Morgan Stanley,149777,,,Emerging Markets Equity Select ADR,FOUSA08ZYF,Traditional,Trad,Diversified Emerging Mkts ,EM,Diversified Emerging Markets,,118.68,,48.435,-48.435,,94.672,,27.309,-27.309,,55.821,,45.466,-45.466,,1.871,,54.112,-54.112,,1.873,,2.291,-2.291,,,,,0,,,,,0,,,,,0,,,,,,
Lazard Asset Management LLC,,"Raymond James & Associates, Inc.",705,,,Emerging Markets Equity Select ADR,FOUSA08ZYF,Traditional,Trad,Diversified Emerging Mkts ,EM,Diversified Emerging Markets,,18.487,0.156,0.197,-0.041,,19.436,,,0,,21.327,0.274,,0.274,,21.107,0.325,,0.325,,24.113,0.65,,0.65,,25.822,,0.086,-0.086,,28.779,0.495,0.219,0.276,,31.693,0.283,,0.283,,,,,,
Lazard Asset Management LLC,,UBS Financial Services,8174,,,Emerging Markets Equity Select ADR,FOUSA08ZYF,Traditional,Trad,Diversified Emerging Mkts ,EM,Diversified Emerging Markets,,0.1,0.096,,0.096,,0.101,,,0,,5.05,4.927,,4.927,,15.957,10.189,0.153,10.036,,33.009,13.668,,13.668,,55.173,20.405,0.444,19.961,,83.733,18.831,0.647,18.184,,107.264,17.541,7.677,9.864,,,,,,
Lazard Asset Management LLC,,Wells Fargo Investments,165024,,,Emerging Markets Equity Select ADR,FOUSA08ZYF,Traditional,Trad,Diversified Emerging Mkts ,EM,Diversified Emerging Markets,,0.282,,,0,,0.296,,,0,,0.325,,,0,,0.314,,,0,,0.352,,,0,,0.357,,,0,,0.386,,,0,,0.416,,,0,,,,,,
Lazard Asset Management LLC,,"Charles Schwab & Co., Inc.",5393,,,European Equity Select ADR,SAUSA000VN,Dual,Dual,Europe Stock ,ES,Europe,,2.48,,,0,,2.456,,,0,,2.523,,,0,,2.417,,,0,,2.585,,,0,,2.751,,,0,,,,2.751,-2.751,,,,,0,,,,,,
Lazard Asset Management LLC,,UBS Financial Services,8174,,,European Equity Select ADR,SAUSA000VN,Dual,Dual,Europe Stock ,ES,Europe,,4.11,,,0,,3.84,,,0,,4.15,,,0,,3.096,,,0,,2.934,,,0,,3.037,,,0,,3.928,,,0,,,,,0,,,,,,
Lazard Asset Management LLC,,"Lockwood Advisors, Inc.",106108,,,European Equity Select ADR,SAUSA000VN,Traditional,Trad,Europe Stock ,ES,Europe,,22.903,0.965,0.828,0.137,,21.489,0.55,2.748,-2.198,,21.735,0.381,0.721,-0.34,,20.318,0.878,1.385,-0.507,,20.807,0.15,1.046,-0.896,,22.818,0.2,0.203,-0.003,,24.436,0.75,,0.75,,24.755,0.626,0.949,-0.323,,,,,,
Lazard Asset Management LLC,,UBS Financial Services,8174,,,European Equity Select ADR,SAUSA000VN,Traditional,Trad,Europe Stock ,ES,Europe,,,,,,,,,,,,,,,,,,,,,,,,,,,,,,,,0.969,0.909,,0.909,,7.561,2.011,0.101,1.91,,,,,,
Lazard Asset Management LLC,,"Charles Schwab & Co., Inc.",5393,,,International Equity Select ADR,FOUSA08ZYD,Dual,Dual,Foreign Large Blend ,FB,EAFE / Foreign Large Core,,72.507,0.5,1.363,-0.863,,74.938,2.921,,2.921,,77.908,1.628,,1.628,,75.014,3.067,1.576,1.491,,75.295,3.689,9.762,-6.073,,82.174,1.566,,1.566,,89.19,1.576,0.719,0.857,,89.941,,3.84,-3.84,,,,,,
Lazard Asset Management LLC,,Fidelity Investments,108252,,,International Equity Select ADR,FOUSA08ZYD,Dual,Dual,Foreign Large Blend ,FB,EAFE / Foreign Large Core,,12.139,,,0,,11.957,,,0,,6.795,0.453,1.499,-1.046,,4.687,,6.021,-6.021,,4.541,,0.407,-0.407,,4.808,,,0,,5.078,,,0,,5.23,,0.077,-0.077,,,,,,
Lazard Asset Management LLC,,JP Morgan Securities,79,,,International Equity Select ADR,FOUSA08ZYD,Dual,Dual,Foreign Large Blend ,FB,EAFE / Foreign Large Core,,,,,,,,,,,,,,,,,,,,,,,,,,,,,,,,,,,,,,,,,,,,,,
Lazard Asset Management LLC,,Merrill,7691,,,International Equity Select ADR,FOUSA08ZYD,Dual,Dual,Foreign Large Blend ,FB,EAFE / Foreign Large Core,,14.626,,,0,,14.628,,,0,,15.063,,,0,,13.41,,,0,,,,13.565,-13.565,,,,,0,,,,,0,,,,,0,,,,,,
Lazard Asset Management LLC,,Morgan Stanley,149777,,,International Equity Select ADR,FOUSA08ZYD,Dual,Dual,Foreign Large Blend ,FB,EAFE / Foreign Large Core,,49.624,,16.146,-16.146,,49.931,1.398,1.095,0.303,,71.298,17.68,,17.68,,70.402,0.615,,0.615,,74.27,0.47,,0.47,,78.961,,0.11,-0.11,,83.495,,,0,,86.744,,,0,,,,,,
Lazard Asset Management LLC,,RBC Wealth Management,31194,,,International Equity Select ADR,FOUSA08ZYD,Dual,Dual,Foreign Large Blend ,FB,EAFE / Foreign Large Core,,21.514,2.491,2.275,0.216,,21.135,,,0,,21.273,,,0,,21.157,0.605,,0.605,,19.027,0.25,2.957,-2.707,,21.11,0.49,0.689,-0.199,,20.936,0.749,1.303,-0.554,,21.876,,,0,,,,,,
Lazard Asset Management LLC,,Robert W. Baird,8158,,,International Equity Select ADR,FOUSA08ZYD,Dual,Dual,Foreign Large Blend ,FB,EAFE / Foreign Large Core,,0.95,,,0,,0.947,,,0,,0.973,,,0,,0.926,,,0,,0.986,,,0,,0.69,,0.341,-0.341,,0.727,,,0,,0.758,,,0,,,,,,
Lazard Asset Management LLC,,TD Ameritrade,7870,,,International Equity Select ADR,FOUSA08ZYD,Dual,Dual,Foreign Large Blend ,FB,EAFE / Foreign Large Core,,1.636,0.2,,0.2,,1.926,,,0,,8.955,6.91,,6.91,,8.788,,,0,,10.462,1.1,,1.1,,11.254,,,0,,11.977,,,0,,12.844,0.25,,0.25,,,,,,
Lazard Asset Management LLC,,UBS Financial Services,8174,,,International Equity Select ADR,FOUSA08ZYD,Dual,Dual,Foreign Large Blend ,FB,EAFE / Foreign Large Core,,17.608,2.385,0.51,1.875,,17.327,,0.764,-0.764,,17.836,0.161,,0.161,,17.522,1.5,0.875,0.625,,19.009,1.03,2.716,-1.686,,19.751,,0.934,-0.934,,19.827,,0.396,-0.396,,19.413,,2.677,-2.677,,,,,,
Lazard Asset Management LLC,,Wells Fargo Advisors,11025,,,International Equity Select ADR,FOUSA08ZYD,Dual,Dual,Foreign Large Blend ,FB,EAFE / Foreign Large Core,,92.034,,,0,,93.628,,,0,,96.186,,0.459,-0.459,,93.675,,,0,,109.52,,,0,,117.563,,,0,,124.197,,,0,,119.531,,,0,,,,,,
Lazard Asset Management LLC,,Wells Fargo Investments,165024,,,International Equity Select ADR,FOUSA08ZYD,Dual,Dual,Foreign Large Blend ,FB,EAFE / Foreign Large Core,,35.865,,,0,,35.889,,,0,,36.974,,,0,,35.327,,,0,,37.714,,,0,,40.375,7.382,,7.382,,42.645,,,0,,43.346,,,0,,,,,,
Lazard Asset Management LLC,,"Charles Schwab & Co., Inc.",5393,,,International Equity Select with EM ADR,FOUSA08ZYH,Dual,Dual,Foreign Large Blend ,FB,EAFE / Foreign Large Core,,32.063,,1.981,-1.981,,32.648,,,0,,32.228,,,0,,30.581,,,0,,32.366,,,0,,35.146,,,0,,38.359,1.126,,1.126,,44.262,3.483,,3.483,,,,,,
Lazard Asset Management LLC,,Fidelity Investments,108252,,,International Equity Select with EM ADR,FOUSA08ZYH,Dual,Dual,Foreign Large Blend ,FB,EAFE / Foreign Large Core,,2.721,,,0,,,,2.714,-2.714,,4.508,,,0,,,,,0,,,,,0,,,,,0,,,,,0,,,,,0,,,,,,
Lazard Asset Management LLC,,Morgan Stanley,149777,,,International Equity Select with EM ADR,FOUSA08ZYH,Dual,Dual,Foreign Large Blend ,FB,EAFE / Foreign Large Core,,21.477,,,0,,21.328,,0.111,-0.111,,22.024,,,0,,20.915,,,0,,22.453,,,0,,9.793,,13.264,-13.264,,10.416,,,0,,10.944,,,0,,,,,,
Lazard Asset Management LLC,,RBC Wealth Management,31194,,,International Equity Select with EM ADR,FOUSA08ZYH,Dual,Dual,Foreign Large Blend ,FB,EAFE / Foreign Large Core,,22.248,1.284,1.159,0.125,,21.772,,,0,,21.206,,,0,,20.249,,,0,,22.054,,,0,,24.265,,,0,,25.638,,,0,,26.246,,,0,,,,,,
Lazard Asset Management LLC,,TD Ameritrade,7870,,,International Equity Select with EM ADR,FOUSA08ZYH,Dual,Dual,Foreign Large Blend ,FB,EAFE / Foreign Large Core,,0.67,,,0,,0.672,,,0,,0.693,,,0,,0.66,,,0,,0.692,,,0,,0.736,,,0,,0.785,,,0,,0.828,,,0,,,,,,
Lazard Asset Management LLC,,UBS Financial Services,8174,,,International Equity Select with EM ADR,FOUSA08ZYH,Dual,Dual,Foreign Large Blend ,FB,EAFE / Foreign Large Core,,23.819,,,0,,23.566,,0.219,-0.219,,24.229,,,0,,22.508,,0.458,-0.458,,23.751,,0.204,-0.204,,25.044,,,0,,26.686,1.901,1.932,-0.031,,27.711,,0.324,-0.324,,,,,,
Lazard Asset Management LLC,,Wells Fargo Advisors,11025,,,International Equity Select with EM ADR,FOUSA08ZYH,Dual,Dual,Foreign Large Blend ,FB,EAFE / Foreign Large Core,,3.536,,,0,,3.554,,,0,,3.667,,,0,,3.483,,,0,,3.742,,,0,,3.987,,,0,,4.241,,,0,,4.461,,,0,,,,,,
Lazard Asset Management LLC,,Ameriprise Financial Services,6363,,,International Equity Select ADR,FOUSA08ZYD,Model-Delivered,Model,Foreign Large Blend ,FB,EAFE / Foreign Large Core,,62.086,12.019,1.765,10.254,,80.561,12.96,2.594,10.366,,91.633,13.191,5.477,7.714,,86.333,4.152,5.599,-1.447,,91.372,6.03,4.893,1.137,,111.726,16.512,3.186,13.326,,120.466,4.278,4.377,-0.099,,128.96,4.869,2.027,2.842,,,,,,
Lazard Asset Management LLC,,BMO Global Asset Management (Asia) Limited,107507,,,International Equity Select ADR,FOUSA08ZYD,Model-Delivered,Model,Foreign Large Blend ,FB,EAFE / Foreign Large Core,,21.964,,,0,,19.975,,,0,,17.784,,,0,,16.383,,,0,,15.243,,,0,,13.842,,,0,,13.149,,,0,,13.441,,,0,,,,,,
Lazard Asset Management LLC,,"Brinker Capital, Inc.",111743,,,International Equity Select ADR,FOUSA08ZYD,Model-Delivered,Model,Foreign Large Blend ,FB,EAFE / Foreign Large Core,,,,,,,,,,,,,,,0,,103.05,,,0,,105.496,,,0,,3.865,,,0,,121.28,,,0,,131.854,,,0,,,,,,
Lazard Asset Management LLC,,AvisoWealth (Credential),108146,,,International Equity Select ADR,FOUSA08ZYD,Model-Delivered,Model,Foreign Large Blend ,FB,EAFE / Foreign Large Core,,,,,,,,,,,,,,,,,,,,,,,,,,,,,,,,,,,,,,,,,,,,,,
Lazard Asset Management LLC,,Envestnet Asset Management Inc.,111694,,,International Equity Select ADR,FOUSA08ZYD,Model-Delivered,Model,Foreign Large Blend ,FB,EAFE / Foreign Large Core,,67.02,7.675,2.127,5.548,,67.804,4.11,0.941,3.169,,76.693,8.12,3.852,4.268,,79.777,10.149,1.295,8.854,,72.819,5.047,2.381,2.666,,99.221,5.877,2.557,3.32,,103.052,4.188,1.204,2.984,,114.761,12.791,3.329,9.462,,,,,,
Lazard Asset Management LLC,,Freestone Capital Management Inc.,145711,,,International Equity Select ADR,FOUSA08ZYD,Model-Delivered,Model,Foreign Large Blend ,FB,EAFE / Foreign Large Core,,28.452,,,0,,27.182,,,0,,27.218,,,0,,23.142,,,0,,25.471,,,0,,28.748,,,0,,32.42,,,0,,34.878,,,0,,,,,,
Lazard Asset Management LLC,,Janney Montgomery Scott,463,,,International Equity Select ADR,FOUSA08ZYD,Model-Delivered,Model,Foreign Large Blend ,FB,EAFE / Foreign Large Core,,10.604,1.566,,1.566,,10.306,0.073,0.335,-0.262,,10.449,,0.142,-0.142,,9.69,0.043,0.329,-0.286,,9.791,0.213,0.744,-0.531,,10.25,,0.05,-0.05,,11.608,0.517,,0.517,,11.679,0.656,0.136,0.52,,,,,,
Lazard Asset Management LLC,,"Lockwood Advisors, Inc.",106108,,,International Equity Select ADR,FOUSA08ZYD,Model-Delivered,Model,Foreign Large Blend ,FB,EAFE / Foreign Large Core,,,,,,,,,,,,,,,,,7.614,7.008,,7.008,,11.077,,,0,,11.773,,,0,,11.776,,,0,,12.037,,,0,,,,,,
Lazard Asset Management LLC,,Merrill,7691,,,International Equity Select ADR,FOUSA08ZYD,Model-Delivered,Model,Foreign Large Blend ,FB,EAFE / Foreign Large Core,,709.462,43.001,31.572,11.429,,685.597,29.166,17.391,11.775,,764.904,59.069,47.329,11.74,,742.991,52.94,31.473,21.467,,786.464,27.097,41.098,-14.001,,852.649,28.957,27.03,1.927,,906.764,18.575,20.543,-1.968,,940.882,38.131,46.393,-8.262,,,,,,
Lazard Asset Management LLC,,Morgan Stanley,149777,,,International Equity Select ADR,FOUSA08ZYD,Model-Delivered,Model,Foreign Large Blend ,FB,EAFE / Foreign Large Core,,1407.599,125.199,35.276,89.923,,1468.029,75.6,29.444,46.156,,1556.286,71.15,36.752,34.398,,1543.836,84.439,50.587,33.852,,1646.708,86.032,67.518,18.514,,1795.545,,62.379,-62.379,,1894.72,82.723,44.653,38.07,,1986.069,68.506,78.086,-9.58,,,,,,
Lazard Asset Management LLC,,AvisoWealth (OceanRock),108146,,,International Equity Select ADR,FOUSA08ZYD,Model-Delivered,Model,Foreign Large Blend ,FB,EAFE / Foreign Large Core,,,,,,,,,,,,0.691,0.487,,0.487,,0.728,,,0,,0.754,,,0,,0.652,,,0,,0.657,,,0,,0.684,,,0,,,,,,
Lazard Asset Management LLC,,"Raymond James & Associates, Inc.",705,,,International Equity Select ADR,FOUSA08ZYD,Model-Delivered,Model,Foreign Large Blend ,FB,EAFE / Foreign Large Core,,8.672,,,0,,8.693,,,0,,4.713,11.916,,11.916,,25.128,,3.979,-3.979,,,,4.848,-4.848,,,,,0,,,,,0,,,,,0,,,,,,
Lazard Asset Management LLC,,Raymond James Canada,25853,,,International Equity Select ADR,FOUSA08ZYD,Model-Delivered,Model,Foreign Large Blend ,FB,EAFE / Foreign Large Core,,3.017,,,0,,2.364,,,0,,2.322,,,0,,2.208,,,0,,1.596,,,0,,1.797,,,0,,2.054,,,0,,2.358,,,0,,,,,,
Lazard Asset Management LLC,,RBC Wealth Management,31194,,,International Equity Select ADR,FOUSA08ZYD,Model-Delivered,Model,Foreign Large Blend ,FB,EAFE / Foreign Large Core,,32.069,0.753,0.665,0.088,,31.096,0.341,0.224,0.117,,31.828,0.241,1.663,-1.422,,30.886,0.272,0.547,-0.275,,30.631,1.503,1.303,0.2,,33.754,0.542,1.868,-1.326,,36.063,1.671,0.61,1.061,,36.582,1.403,1.257,0.146,,,,,,
Lazard Asset Management LLC,,SEI Investments,105146,,,International Equity Select ADR,FOUSA08ZYD,Model-Delivered,Model,Foreign Large Blend ,FB,EAFE / Foreign Large Core,,30.552,,,0,,33.767,,,0,,23.775,14.987,,14.987,,24.542,,,0,,26.247,0.133,,0.133,,63.226,,,0,,82.926,,,0,,106.954,,,0,,,,,,
Lazard Asset Management LLC,,Trade-PMR,46350,,,International Equity Select ADR,FOUSA08ZYD,Model-Delivered,Model,Foreign Large Blend ,FB,EAFE / Foreign Large Core,,0.678,1.188,,1.188,,0.678,,,0,,0.696,,,0,,0.665,,,0,,,,,0,,,,0.69,-0.69,,,,,0,,,,,0,,,,,,
Lazard Asset Management LLC,,Wells Fargo Advisors,11025,,,International Equity Select ADR,FOUSA08ZYD,Model-Delivered,Model,Foreign Large Blend ,FB,EAFE / Foreign Large Core,,396.541,14.978,9.16,5.818,,412.469,29.117,4.972,24.145,,410.024,9.681,27.935,-18.254,,386.764,12.851,10.364,2.487,,398.657,5.505,18.666,-13.161,,420.671,3.778,11.303,-7.525,,442.674,5.993,21.426,-15.433,,451.516,5.884,12.329,-6.445,,,,,,
Lazard Asset Management LLC,,BMO Nesbitt Burns,281337,,,International Equity Select with EM ADR,FOUSA08ZYH,Model-Delivered,Model,Foreign Large Blend ,FB,EAFE / Foreign Large Core,,1.929,,0.424,-0.424,,1.736,,0.205,-0.205,,1.557,,0.112,-0.112,,0.601,0.348,0.647,-0.299,,0.076,,0.466,-0.466,,0.08,,0.404,-0.404,,,,,0,,,,,0,,,,,,
Lazard Asset Management LLC,,Canaccord Genuity Wealth Management,7449, ,,International Equity Select with EM ADR,FOUSA08ZYH,Model-Delivered,Model,Foreign Large Blend ,FB,EAFE / Foreign Large Core,,0.344,,,0,,0.348,,,0,,0.355,,,0,,0.247,,,0,,,,0.247,-0.247,,109.909,,,0,,,,,0,,,,,0,,,,,,
Lazard Asset Management LLC,,CIBC Asset Management Inc.,106508,,,International Equity Select with EM ADR,FOUSA08ZYH,Model-Delivered,Model,Foreign Large Blend ,FB,EAFE / Foreign Large Core,,57.071,,,0,,56.789,,,0,,56.656,,,0,,53.994,,,0,,49.916,,,0,,47.993,,,0,,51.507,,,0,,59.156,,,0,,,,,,
Lazard Asset Management LLC,,AvisoWealth (Credential),108146,,,International Equity Select with EM ADR,FOUSA08ZYH,Model-Delivered,Model,Foreign Large Blend ,FB,EAFE / Foreign Large Core,,1.302,,,0,,0.979,,,0,,0.998,,,0,,0.782,,,0,,,,,0,,,,0.211,-0.211,,,,,0,,,,,0,,,,,,
Lazard Asset Management LLC,,Edward Jones,250,,,International Equity Select with EM ADR,FOUSA08ZYH,Model-Delivered,Model,Foreign Large Blend ,FB,EAFE / Foreign Large Core,,221.45,12.478,0.801,11.677,,237.934,9.813,0.242,9.571,,254.169,11.76,2.48,9.28,,246.54,11.626,3.402,8.224,,277.934,8.143,4.766,3.377,,289.559,10.928,39.056,-28.128,,304.069,9.709,9.737,-0.028,,322.242,5.303,2.963,2.34,,,,,,
Lazard Asset Management LLC,,Envestnet Asset Management Inc.,111694,,,International Equity Select with EM ADR,FOUSA08ZYH,Model-Delivered,Model,Foreign Large Blend ,FB,EAFE / Foreign Large Core,,16.526,0.434,2.502,-2.068,,15.502,,0.982,-0.982,,14.667,1.036,0.829,0.207,,21.748,8.453,0.987,7.466,,23.354,1.616,0.387,1.229,,23.92,1.216,0.385,0.831,,27.606,3.127,0.23,2.897,,31.666,1.97,0.136,1.834,,,,,,
Lazard Asset Management LLC,,Janney Montgomery Scott,463,,,International Equity Select with EM ADR,FOUSA08ZYH,Model-Delivered,Model,Foreign Large Blend ,FB,EAFE / Foreign Large Core,,0.962,,,0,,0.97,,0.134,-0.134,,0.79,,0.093,-0.093,,0.748,,0.104,-0.104,,0.887,,,0,,1.161,0.245,,0.245,,1.266,0.049,,0.049,,1.452,0.176,,0.176,,,,,,
Lazard Asset Management LLC,,Level Four Advisory Services,134086,,,International Equity Select with EM ADR,FOUSA08ZYH,Model-Delivered,Model,Foreign Large Blend ,FB,EAFE / Foreign Large Core,,0.535,,,0,,0.536,,,0,,,,,0,,,,0.542,-0.542,,,,,0,,,,,0,,,,,0,,,,,0,,,,,,
Lazard Asset Management LLC,,"Lockwood Advisors, Inc.",106108,,,International Equity Select with EM ADR,FOUSA08ZYH,Model-Delivered,Model,Foreign Large Blend ,FB,EAFE / Foreign Large Core,,,,,,,,,,,,,,,,,16.128,13.631,,13.631,,19.946,,,0,,21.266,,,0,,22.514,,,0,,28.007,,,0,,,,,,
Lazard Asset Management LLC,,Merrill,7691,,,International Equity Select with EM ADR,FOUSA08ZYH,Model-Delivered,Model,Foreign Large Blend ,FB,EAFE / Foreign Large Core,,468.749,13.417,14.236,-0.819,,476.557,31.975,12.318,19.657,,529.456,42.45,22.509,19.941,,504.195,25.211,19.008,6.203,,574.756,41.215,28.883,12.332,,650.452,47.819,16.818,31.001,,719.63,39.647,14.947,24.7,,780.633,52.627,22.364,30.263,,,,,,
Lazard Asset Management LLC,,Morgan Stanley,149777,,,International Equity Select with EM ADR,FOUSA08ZYH,Model-Delivered,Model,Foreign Large Blend ,FB,EAFE / Foreign Large Core,,430.298,22.474,15.352,7.122,,459.411,39.409,10.023,29.386,,509.746,39.515,14.681,24.834,,511.793,33.94,10.872,23.068,,545.189,32.058,28.916,3.142,,584.737,43.054,42.176,0.878,,648.616,37.369,12.648,24.721,,701.918,46.359,26.551,19.808,,,,,,
Lazard Asset Management LLC,,"Raymond James & Associates, Inc.",705,,,International Equity Select with EM ADR,FOUSA08ZYH,Model-Delivered,Model,Foreign Large Blend ,FB,EAFE / Foreign Large Core,,219.85,5.134,0.673,4.461,,224.181,16.187,101.327,-85.14,,227.679,,13.596,-13.596,,225.173,11.426,4.431,6.995,,243.376,9.9,2.663,7.237,,267.29,14.957,8.61,6.347,,280.803,10.09,4.611,5.479,,294.903,16.586,5.815,10.771,,,,,,
Lazard Asset Management LLC,,Raymond James Canada,25853,,,International Equity Select with EM ADR,FOUSA08ZYH,Model-Delivered,Model,Foreign Large Blend ,FB,EAFE / Foreign Large Core,,,,,,,0.32,,,0,,0.272,,,0,,0.257,,,0,,0.543,,,0,,0.837,,,0,,1.129,,,0,,1.894,,,0,,,,,,
Lazard Asset Management LLC,,RBC Wealth Management,31194,,,International Equity Select with EM ADR,FOUSA08ZYH,Model-Delivered,Model,Foreign Large Blend ,FB,EAFE / Foreign Large Core,,7.217,1.267,0.146,1.121,,7.776,0.618,,0.618,,8.584,0.061,,0.061,,9.139,1.123,,1.123,,12.806,1.732,0.221,1.511,,14.898,2.052,0.094,1.958,,17.419,0.205,0.227,-0.022,,18.98,2.051,,2.051,,,,,,
Lazard Asset Management LLC,,Richardson GMP,166090,,,International Equity Select with EM ADR,FOUSA08ZYH,Model-Delivered,Model,Foreign Large Blend ,FB,EAFE / Foreign Large Core,,10.213,,,0,,13.237,,,0,,10.4,,,0,,9.449,,,0,,10.109,,,0,,10.762,,,0,,11.382,,,0,,11.812,,,0,,,,,,
Lazard Asset Management LLC,,Snowden Capital Advisors,157299,,,International Equity Select with EM ADR,FOUSA08ZYH,Model-Delivered,Model,Foreign Large Blend ,FB,EAFE / Foreign Large Core,,11.902,,,0,,11.717,,,0,,11.879,,,0,,10.901,,,0,,11.44,,,0,,11.958,,,0,,15.024,,,0,,15.614,,,0,,,,,,
Lazard Asset Management LLC,,Wells Fargo Advisors,11025,,,International Equity Select with EM ADR,FOUSA08ZYH,Model-Delivered,Model,Foreign Large Blend ,FB,EAFE / Foreign Large Core,,366.806,19.72,12.042,7.678,,362.485,14.183,10.137,4.046,,354.182,7.346,29.132,-21.786,,329.835,12.979,15.22,-2.241,,355.143,17.792,16.22,1.572,,388.457,16.287,15.774,0.513,,407.16,14.475,15.415,-0.94,,428.908,12.392,12.853,-0.461,,,,,,
Lazard Asset Management LLC,,BMO Nesbitt Burns,281337,,,International Equity Select with EM ADR (EAFE),F00000X3EL,Model-Delivered,Model,Foreign Large Blend,FB,EAFE / Foreign Large Core,,7.507,0.582,,0.582,,8.418,0.244,,0.244,,9.242,0.367,0.405,-0.038,,9.62,,0.051,-0.051,,10.62,,1.444,-1.444,,11.051,,0.209,-0.209,,11.9973,,0.083,-0.083,,12.356,,0.098,-0.098,,,,,,
Lazard Asset Management LLC,,Envestnet Asset Management Inc.,111694,,,International Equity Select with EM ADR (EAFE),F00000X3EL,Model-Delivered,Model,Foreign Large Blend,FB,EAFE / Foreign Large Core,,,,,,,,,,,,,,,,,,,0.256,-0.256,,0.055,,,0,,,,,0,,,,0.056,-0.056,,,,,0,,,,,,
Lazard Asset Management LLC,,"Brinker Capital, Inc.",111743,,,International Equity Select ADR,FOUSA08ZYD,Traditional,Trad,Foreign Large Blend ,FB,EAFE / Foreign Large Core,,100.562,0.1,1.477,-1.377,,97.292,,2.418,-2.418,,,,3.006,-3.006,,,,0.304,-0.304,,,,,0,,,,,0,,,,,0,,,,,0,,,,,,
Lazard Asset Management LLC,,"Charles Schwab & Co., Inc.",5393,,,International Equity Select ADR,FOUSA08ZYD,Traditional,Trad,Foreign Large Blend ,FB,EAFE / Foreign Large Core,,286.37,9.248,2.56,6.688,,286.946,16.683,15.437,1.246,,287.693,5.903,13.639,-7.736,,273.987,16.88,16.692,0.188,,274.656,5.763,10.197,-4.434,,274.959,2.363,19.863,-17.5,,289.532,14.123,14.563,-0.44,,303.276,5.018,5.253,-0.235,,,,,,
Lazard Asset Management LLC,,"Lockwood Advisors, Inc.",106108,,,International Equity Select ADR,FOUSA08ZYD,Traditional,Trad,Foreign Large Blend ,FB,EAFE / Foreign Large Core,,26.703,1.763,1.569,0.194,,28.369,2.212,0.946,1.266,,30.13,1.317,0.276,1.041,,27.324,0.81,1.606,-0.796,,30.048,1.443,1.001,0.442,,29.038,1.814,4.017,-2.203,,30.582,0.51,0.578,-0.068,,31.509,0.918,1.531,-0.613,,,,,,
Lazard Asset Management LLC,,LPL Financial Services,6413,,,International Equity Select ADR,FOUSA08ZYD,Traditional,Trad,Foreign Large Blend ,FB,EAFE / Foreign Large Core,,9.005,0.653,0.131,0.522,,9.474,0.6,0.213,0.387,,9.983,0.184,,0.184,,9.636,0.338,0.19,0.148,,9.483,0.3,0.959,-0.659,,10.493,0.257,0.255,0.002,,10.794,,0.212,-0.212,,12.095,1.14,0.231,0.909,,,,,,
Lazard Asset Management LLC,,Morgan Stanley,149777,,,International Equity Select ADR,FOUSA08ZYD,Traditional,Trad,Foreign Large Blend ,FB,EAFE / Foreign Large Core,,79.661,0.275,25.829,-25.554,,64.055,,14.661,-14.661,,52.404,1.245,15.058,-13.813,,0.04,,50.261,-50.261,,,,0.04,-0.04,,,74.833,,74.833,,,,,0,,,,,0,,,,,,
Lazard Asset Management LLC,,"Raymond James & Associates, Inc.",705,,,International Equity Select ADR,FOUSA08ZYD,Traditional,Trad,Foreign Large Blend ,FB,EAFE / Foreign Large Core,,25.778,0.456,,0.456,,25.732,,,0,,26.324,,,0,,,,,0,,26.732,0.1,,0.1,,28.262,,,0,,31.297,1.358,0.136,1.222,,34.184,1.465,,1.465,,,,,,
Lazard Asset Management LLC,,UBS Financial Services,8174,,,International Equity Select ADR,FOUSA08ZYD,Traditional,Trad,Foreign Large Blend ,FB,EAFE / Foreign Large Core,,287.19,136.12,26.434,109.686,,291.919,19.397,15.412,3.985,,322.632,35.962,12.435,23.527,,296.176,10.401,20.466,-10.065,,312.704,10.861,12.631,-1.77,,329.938,6.554,13.715,-7.161,,369.418,25.233,8.203,17.03,,387.725,12.612,13.61,-0.998,,,,,,
Lazard Asset Management LLC,,Wells Fargo Investments,165024,,,International Equity Select ADR,FOUSA08ZYD,Traditional,Trad,Foreign Large Blend ,FB,EAFE / Foreign Large Core,,182.454,18.321,6.95,11.371,,201.047,30.582,6.341,24.241,,221.312,18.298,2.678,15.62,,203.499,14.001,9.327,4.674,,196.073,3.35,21.387,-18.037,,217.663,,9.82,-9.82,,234.498,3.852,3.267,0.585,,237.342,3.023,4.511,-1.488,,,,,,
Lazard Asset Management LLC,,William Blair,1252,,,International Equity Select ADR,FOUSA08ZYD,Traditional,Trad,Foreign Large Blend ,FB,EAFE / Foreign Large Core,,4.958,,,0,,5.59,0.646,,0.646,,5.754,,,0,,5.411,,,0,,3.97,0.1,,0.1,,2.224,,,0,,2.347,,2.035,-2.035,,2.334,,0.107,-0.107,,,,,,
Lazard Asset Management LLC,,"Charles Schwab & Co., Inc.",5393,,,International Equity Select with EM ADR,FOUSA08ZYH,Traditional,Trad,Foreign Large Blend ,FB,EAFE / Foreign Large Core,,15.705,0.11,,0.11,,16.902,1.116,,1.116,,18.569,,,0,,17.504,,0.247,-0.247,,18.698,,,0,,24.25,3.896,,3.896,,26.856,1.363,0.187,1.176,,29.531,1.385,,1.385,,,,,,
Lazard Asset Management LLC,,"Goldman, Sachs & Co.",361,,,International Equity Select with EM ADR,FOUSA08ZYH,Traditional,Trad,Foreign Large Blend ,FB,EAFE / Foreign Large Core,,157.913,8.056,0.904,7.152,,149.822,4.731,2.13,2.601,,150.033,4.338,18.038,-13.7,,139.643,7.087,8.033,-0.946,,157.704,8.706,4.649,4.057,,178.541,6.175,1.597,4.578,,186.243,3.945,4.723,-0.778,,193.039,12.83,17.258,-4.428,,,,,,
Lazard Asset Management LLC,,"Lockwood Advisors, Inc.",106108,,,International Equity Select with EM ADR,FOUSA08ZYH,Traditional,Trad,Foreign Large Blend ,FB,EAFE / Foreign Large Core,,5.142,,0.599,-0.599,,5.157,,,0,,5.233,,,0,,5.171,0.366,0.191,0.175,,5.943,0.578,0.138,0.44,,6.288,,,0,,7.013,0.311,,0.311,,7.598,0.35,,0.35,,,,,,
Lazard Asset Management LLC,,LPL Financial Services,6413,,,International Equity Select with EM ADR,FOUSA08ZYH,Traditional,Trad,Foreign Large Blend ,FB,EAFE / Foreign Large Core,,3.418,0.148,,0.148,,3.604,0.202,0.097,0.105,,1.457,,,0,,3.533,0.23,,0.23,,1.466,0.25,2.439,-2.189,,1.771,0.218,,0.218,,1.769,,0.113,-0.113,,2.397,0.62,0.108,0.512,,,,,,
Lazard Asset Management LLC,,Morgan Stanley,149777,,,International Equity Select with EM ADR,FOUSA08ZYH,Traditional,Trad,Foreign Large Blend ,FB,EAFE / Foreign Large Core,,19.957,,8.028,-8.028,,17.219,0.259,2.585,-2.326,,6.274,,11.428,-11.428,,,,6.283,-6.283,,,,,0,,,,,0,,,,,0,,,,,0,,,,,,
Lazard Asset Management LLC,,UBS Financial Services,8174,,,International Equity Select with EM ADR,FOUSA08ZYH,Traditional,Trad,Foreign Large Blend ,FB,EAFE / Foreign Large Core,,51.938,9.726,2.4,7.326,,50.795,3.277,3.295,-0.018,,60.009,7.354,0.844,6.51,,72.229,16.752,2.851,13.901,,82.192,7.547,3.113,4.434,,95.926,9.628,3.686,5.942,,110.263,8.806,2.686,6.12,,128.179,20.128,10.179,9.949,,,,,,
Lazard Asset Management LLC,,Morgan Stanley,149777,,,Global Core Plus Fixed Income,FOUSA05YV8,Dual,Dual,World Bond,IB,Global Bond - Unhedged,,37.69,,,0,,36.451,,,0,,37.05,,,0,,23.396,,,0,,,,23.396,-23.396,,,,,0,,,,,0,,,,,0,,,,,,
Lazard Asset Management LLC,,Envestnet Asset Management Inc.,111694,,,LCAS Global Diversified 75/25 Taxable,F00000LZ7H,Model-Delivered,Model,World Allocation ,IH,Tactical Asset Allocation Balanced,,3.357,0.247,,0.247,,3.599,0.183,,0.183,,3.736,,,0,,4.22,0.442,,0.442,,4.294,,,0,,4.483,,,0,,4.264,0.883,0.596,0.287,,3.68,0.398,1.696,-1.298,,,,,,
Lazard Asset Management LLC,,"Charles Schwab & Co., Inc.",5393,,,U.S. Equity Concentrated,F00000ZHAV,Dual,Dual,Large Blend ,LB,Domestic Equity - All-Cap Core,,19.473,11.945,,11.945,,27.536,6.495,0.098,6.397,,37.664,4.425,,4.425,,48.137,4.411,,4.411,,60.826,4.944,,4.944,,64.999,1.5,0.33,1.17,,66.895,1.388,2,-0.612,,70.755,0.275,,0.275,,,,,,
Lazard Asset Management LLC,,Fidelity Investments,108252,,,U.S. Equity Concentrated,F00000ZHAV,Dual,Dual,Large Blend ,LB,Domestic Equity - All-Cap Core,,10.225,3.665,,3.665,,10.353,,,0,,11.102,,,0,,15.126,4.33,,4.33,,18.097,1.054,,1.054,,26.124,5.6,,5.6,,27.511,0.792,,0.792,,30.07,0.25,,0.25,,,,,,
Lazard Asset Management LLC,,"Lockwood Advisors, Inc.",106108,,,U.S. Equity Concentrated,F00000ZHAV,Dual,Dual,Large Blend ,LB,Domestic Equity - All-Cap Core,,228.402,6.496,5.843,0.653,,232.46,,,0,,243.594,0.5,4.352,-3.852,,251.272,5.519,3.395,2.124,,268.871,1.28,,1.28,,275.912,4.267,4.681,-0.414,,274.782,1.25,2.775,-1.525,,287.965,4.489,1.535,2.954,,,,,,
Lazard Asset Management LLC,,Morgan Stanley,149777,,,U.S. Equity Concentrated,F00000ZHAV,Dual,Dual,Large Blend ,LB,Domestic Equity - All-Cap Core,,207.957,4.364,16.84,-12.476,,203.739,,3.138,-3.138,,220.218,,0.534,-0.534,,212.18,4.532,,4.532,,217.653,0.962,,0.962,,226.051,7.368,6.012,1.356,,224.363,,,0,,241.342,5,0.55,4.45,,,,,,
Lazard Asset Management LLC,,"Stifel, Nicolaus",793,,,U.S. Equity Concentrated,F00000ZHAV,Dual,Dual,Large Blend ,LB,Domestic Equity - All-Cap Core,,8.822,4.917,,4.917,,10.91,1,,1,,12.573,0.5,,0.5,,12.757,,,0,,14.581,1,,1,,16.335,0.5,,0.5,,17.097,0.5,,0.5,,18.006,,,0,,,,,,
Lazard Asset Management LLC,,TD Ameritrade,7870,,,U.S. Equity Concentrated,F00000ZHAV,Dual,Dual,Large Blend ,LB,Domestic Equity - All-Cap Core,,12.112,,,0,,11.578,,,0,,4.385,,7.83,-7.83,,6.019,1.136,,1.136,,8.62,2.178,,2.178,,8.757,,,0,,9.207,,,0,,9.684,,,0,,,,,,
Lazard Asset Management LLC,,UBS Financial Services,8174,,,U.S. Equity Concentrated,F00000ZHAV,Dual,Dual,Large Blend ,LB,Domestic Equity - All-Cap Core,,,,,,,,,,,,,,,,,,,,,,,,,,,,,,,,,,,,,0.103,0.1,,0.1,,,,,,
Lazard Asset Management LLC,,Wells Fargo Investments,165024,,,U.S. Equity Concentrated,F00000ZHAV,Dual,Dual,Large Blend ,LB,Domestic Equity - All-Cap Core,,,,,,,0.344,0.34,,0.34,,1.506,3.026,,3.026,,3.755,1.98,,1.98,,7.711,3.353,0.251,3.102,,9.05,1.034,,1.034,,8.64,,0.506,-0.506,,9.034,,,0,,,,,,
Lazard Asset Management LLC,,"Charles Schwab & Co., Inc.",5393,,,U.S. Strategic Equity,FOUSA06M57,Dual,Dual,Large Blend ,LB,Domestic Equity - Large Core,,20.453,,0.863,-0.863,,19.47,,0.236,-0.236,,20.674,,,0,,20.926,,,0,,16.739,0.25,0.789,-0.539,,18.326,0.875,3.209,-2.334,,17.079,,2.36,-2.36,,18.276,,,0,,,,,,
Lazard Asset Management LLC,,Fidelity Investments,108252,,,U.S. Strategic Equity,FOUSA06M57,Dual,Dual,Large Blend ,LB,Domestic Equity - Large Core,,10.104,,3.182,-3.182,,10.144,,,0,,10.762,,,0,,11.015,,,0,,11.067,,0.569,-0.569,,11.266,,,0,,11.399,,0.29,-0.29,,11.898,0.806,0.796,0.01,,,,,,
Lazard Asset Management LLC,,"Goldman, Sachs & Co.",361,,,U.S. Strategic Equity,FOUSA06M57,Dual,Dual,Large Blend ,LB,Domestic Equity - Large Core,,8.968,,,0,,9.006,,,0,,8.891,,,0,,8.262,,,0,,8.451,,,0,,8.222,,,0,,8.58,,,0,,,,8.58,-8.58,,,,,,
Lazard Asset Management LLC,,Equitable Trust Co.,,,,U.S. Equity Concentrated,F00000ZHAV,Model-Delivered,Model,Large Blend ,LB,Domestic Equity - All-Cap Core,,66.862,,,0,,75.538,,,0,,83.986,,,0,,81.977,,,0,,87.869,,,0,,98.101,,,0,,99.817,,,0,,105.674,,,0,,,,,,
Lazard Asset Management LLC,,Morgan Stanley,149777,,,U.S. Equity Concentrated,F00000ZHAV,Model-Delivered,Model,Large Blend ,LB,Domestic Equity - All-Cap Core,,38.266,31.383,0.094,31.289,,94.292,51.183,0.219,50.964,,190.249,71.289,3.128,68.161,,299.589,111.797,2.306,109.491,,401.428,74.495,8.756,65.739,,463.321,47.521,7.614,39.907,,497.101,34.944,11.133,23.811,,507.393,16.306,24.742,-8.436,,,,,,
Lazard Asset Management LLC,,Northern Trust,7927,,,U.S. Equity Concentrated,F00000ZHAV,Model-Delivered,Model,Large Blend ,LB,Domestic Equity - All-Cap Core,,,,,,,,,,,,0.249,0.249,,0.249,,0.865,,,0,,0.865,,,0,,14.026,,,0,,346.443,,,0,,360.168,,,0,,,,,,
Lazard Asset Management LLC,,RBC Wealth Management,31194,,,U.S. Equity Concentrated,F00000ZHAV,Model-Delivered,Model,Large Blend ,LB,Domestic Equity - All-Cap Core,,,,,,,,,,,,,,,,,,,,,,,,,,,,,,,,0.228,,,0,,5.589,0.228,,0.228,,,,,,
Lazard Asset Management LLC,,Ameriprise Financial Services,6363,,,U.S. Strategic Equity,FOUSA06M57,Model-Delivered,Model,Large Blend ,LB,Domestic Equity - Large Core,,30.994,1.192,0.567,0.625,,35.809,2.256,1.089,1.167,,37.469,1.186,0.988,0.198,,37.598,1.525,1.313,0.212,,50.085,10.495,0.757,9.738,,58.729,12.035,2.09,9.945,,61.075,1.454,2.318,-0.864,,64.312,2.193,0.979,1.214,,,,,,
Lazard Asset Management LLC,,CIBC Asset Management Inc.,106508,,,U.S. Strategic Equity,FOUSA06M57,Model-Delivered,Model,Large Blend ,LB,Domestic Equity - Large Core,,146.799,,,0,,139.41,,,0,,133.539,,,0,,131.569,,,0,,126.439,,,0,,128.489,,,0,,119.614,,,0,,123.289,,,0,,,,,,
Lazard Asset Management LLC,,Envestnet Asset Management Inc.,111694,,,U.S. Strategic Equity,FOUSA06M57,Model-Delivered,Model,Large Blend ,LB,Domestic Equity - Large Core,,1.922,1.031,,1.031,,1.938,0.121,0.214,-0.093,,1.643,0.113,0.295,-0.182,,1.416,,0.45,-0.45,,1.326,,,0,,1.341,,0.126,-0.126,,1.392,,,0,,1.373,,,0,,,,,,
Lazard Asset Management LLC,,"Goldman, Sachs & Co.",361,,,U.S. Equity Concentrated,F00000ZHAV,Traditional,Trad,Large Blend ,LB,Domestic Equity - All-Cap Core,,133.506,63.928,0.781,63.147,,162.853,34.648,14.56,20.088,,267.881,98.655,3.024,95.631,,333.574,53.155,8.135,45.02,,411.267,53.037,13.229,39.808,,440.752,29.041,12.093,16.948,,434.508,23.204,43.58,-20.376,,462.824,15.789,19.843,-4.054,,,,,,
Lazard Asset Management LLC,,"Lockwood Advisors, Inc.",106108,,,U.S. Equity Concentrated,F00000ZHAV,Traditional,Trad,Large Blend ,LB,Domestic Equity - All-Cap Core,,,,,,,,,,,,,,,,,,,,,,,,,,,,,,,,,,,,,,,,,,,,,,
Lazard Asset Management LLC,,"Charles Schwab & Co., Inc.",5393,,,U.S. Strategic Equity,FOUSA06M57,Traditional,Trad,Large Blend ,LB,Domestic Equity - Large Core,,1.079,,,0,,1.08,,,0,,1.149,,,0,,1.015,,,0,,1.072,,,0,,1.092,,,0,,1.136,,,0,,1.194,,,0,,,,,,
Lazard Asset Management LLC,,"Goldman, Sachs & Co.",361,,,U.S. Strategic Equity,FOUSA06M57,Traditional,Trad,Large Blend ,LB,Domestic Equity - Large Core,,112.833,0.299,6.205,-5.906,,91.426,0.937,15.828,-14.891,,92.154,,4.439,-4.439,,90.444,0.518,3.768,-3.25,,81.718,1.765,13.783,-12.018,,63.911,0.288,18.866,-18.578,,63.148,,2.593,-2.593,,48.82,,12.898,-12.898,,,,,,
Lazard Asset Management LLC,,"Lockwood Advisors, Inc.",106108,,,U.S. Strategic Equity,FOUSA06M57,Traditional,Trad,Large Blend ,LB,Domestic Equity - Large Core,,1.109,,0.384,-0.384,,1.11,,,0,,1.18,,,0,,1.205,,,0,,1.271,,,0,,1.295,,,0,,1.347,,,0,,,,1.393,-1.393,,,,,,
Lazard Asset Management LLC,,"Charles Schwab & Co., Inc.",5393,,,U.S. Equity Select,F00000LNC5,Dual,Dual,Large Growth ,LG,Domestic Equity - Large Core,,13.064,,0.492,-0.492,,13.223,,,0,,13.676,,,0,,13.723,,,0,,13.709,,0.253,-0.253,,13.553,,,0,,13.533,,,0,,14.837,0.958,,0.958,,,,,,
Lazard Asset Management LLC,,Fidelity Investments,108252,,,U.S. Equity Select,F00000LNC8,Dual,Dual,Large Growth ,LG,Domestic Equity - Large Core,,5.584,,,0,,5.635,,,0,,5.945,,,0,,6.045,,,0,,6.701,0.233,,0.233,,6.802,,,0,,6.992,0.44,0.433,0.007,,7.305,,,0,,,,,,
Lazard Asset Management LLC,,Morgan Stanley,149777,,,U.S. Equity Select,F00000LNC12,Dual,Dual,Large Growth ,LG,Domestic Equity - Large Core,,3.493,,,0,,3.569,,,0,,,,3.669,-3.669,,,,,0,,,,,0,,,,,0,,,,,0,,,,,0,,,,,,
Lazard Asset Management LLC,,UBS Financial Services,8174,,,U.S. Equity Select,F00000LNC18,Dual,Dual,Large Growth ,LG,Domestic Equity - Large Core,,6.764,,,0,,6.867,,,0,,7.199,,,0,,7.374,,,0,,7.413,,,0,,7.442,,,0,,2.458,,5.105,-5.105,,2.558,,,0,,,,,,
Lazard Asset Management LLC,,Wells Fargo Advisors,11025,,,U.S. Equity Select,F00000LNC19,Dual,Dual,Large Growth ,LG,Domestic Equity - Large Core,,1.2,,,0,,1.229,,,0,,1.293,,,0,,1.313,,,0,,1.393,,,0,,1.412,,,0,,1.457,,,0,,1.518,,,0,,,,,,
Lazard Asset Management LLC,,Wells Fargo Investments,165024,,,U.S. Equity Select,F00000LNC21,Dual,Dual,Large Growth ,LG,Domestic Equity - Large Core,,,,,,,,,,,,0.204,0.1,,0.1,,0.207,,,0,,0.22,,,0,,0.223,,,0,,0.232,,,0,,0.242,,,0,,,,,,
Lazard Asset Management LLC,,Adhesion Wealth Advisor Solutions,143593,,,U.S. Equity Select,F00000LNC4,Model-Delivered,Model,Large Growth ,LG,Domestic Equity - Large Core,,,,,,,,,,,,,,,,,,,,,,,,,,,,,,,,,,,,,3.789,0.441,,0.441,,,,,,
Lazard Asset Management LLC,,Edward Jones,250,,,U.S. Equity Select,F00000LNC6,Model-Delivered,Model,Large Growth ,LG,Domestic Equity - Large Core,,23.616,7.997,0.151,7.846,,17.789,1.711,0.073,1.638,,21.73,2.002,0.362,1.64,,24.822,7.156,0.657,6.499,,27.591,2.714,0.859,1.855,,27.997,2.167,3.134,-0.967,,32.114,2.481,3.388,-0.907,,34.148,2.408,0.694,1.714,,,,,,
Lazard Asset Management LLC,,Envestnet Asset Management Inc.,111694,,,U.S. Equity Select,F00000LNC7,Model-Delivered,Model,Large Growth ,LG,Domestic Equity - Large Core,,6.089,0.462,0.104,0.358,,6.171,0.154,2.845,-2.691,,6.567,0.158,,0.158,,,,0.112,-0.112,,6.927,,,0,,7.217,,,0,,3.738,0.161,0.019,0.142,,7.797,,0.167,-0.167,,,,,,
Lazard Asset Management LLC,,Janney Montgomery Scott,463,,,U.S. Equity Select,F00000LNC9,Model-Delivered,Model,Large Growth ,LG,Domestic Equity - Large Core,,,,,,,,,,,,,,,,,,,,,,,,,,,,,,,,0.155,0.152,,0.152,,0.162,,,0,,,,,,
Lazard Asset Management LLC,,Morgan Stanley,149777,,,U.S. Equity Select,F00000LNC13,Model-Delivered,Model,Large Growth ,LG,Domestic Equity - Large Core,,86.709,17.482,2.043,15.439,,82.867,3.08,2.292,0.788,,109.681,3.041,3.243,-0.202,,113.735,5.872,0.808,5.064,,124.776,4.611,4.74,-0.129,,127.918,4.594,1.668,2.926,,133.854,5.175,3.005,2.17,,131.091,3.702,3.794,-0.092,,,,,,
Lazard Asset Management LLC,,AvisoWealth (OceanRock),108146,,,U.S. Equity Select,F00000LNC15,Model-Delivered,Model,Large Growth ,LG,Domestic Equity - Large Core,,1.814,,,0,,1.893,,,0,,2.26,,,0,,2.358,,,0,,2.555,0.564,,0.564,,2.381,,,0,,2.384,,,0,,2.49,,,0,,,,,,
Lazard Asset Management LLC,,Richardson GMP,166090,,,U.S. Equity Select,F00000LNC16,Model-Delivered,Model,Large Growth ,LG,Domestic Equity - Large Core,,5.358,,,0,,5.87,,,0,,7.199,,,0,,11.028,,,0,,12.723,,,0,,12.797,,,0,,13.836,,,0,,13.689,,,0,,,,,,
Lazard Asset Management LLC,,SEI Investments,105146,,,U.S. Equity Select,F00000LNC17,Model-Delivered,Model,Large Growth ,LG,Domestic Equity - Large Core,,204.419,19.942,4.192,15.75,,204.431,21.864,5.441,16.423,,233.208,,12.659,-12.659,,260.221,43.18,9.116,34.064,,286.542,15.737,6.521,9.216,,294.702,36.643,9.679,26.964,,300.514,11.68,7.886,3.794,,310.157,7.223,50.884,-43.661,,,,,,
Lazard Asset Management LLC,,Wells Fargo Advisors,11025,,,U.S. Equity Select,F00000LNC20,Model-Delivered,Model,Large Growth ,LG,Domestic Equity - Large Core,,55.205,2.134,1.459,0.675,,52.206,0.902,2.414,-1.512,,53.102,1.989,6.917,-4.928,,54.299,3.386,1.825,1.561,,58.808,3.5,2.219,1.281,,59.563,0.639,1.228,-0.589,,61.809,1.777,2.654,-0.877,,60.692,1.003,2.644,-1.641,,,,,,
Lazard Asset Management LLC,,"Lockwood Advisors, Inc.",106108,,,U.S. Equity Select,F00000LNC10,Traditional,Trad,Large Growth ,LG,Domestic Equity - Large Core,,0.65,,0.353,-0.353,,0.666,,,0,,0.701,,,0,,0.712,,,0,,0.706,,,0,,0.716,,,0,,0.742,,,0,,1.008,0.227,,0.227,,,,,,
Lazard Asset Management LLC,,LPL Financial Services,6413,,,U.S. Equity Select,F00000LNC11,Traditional,Trad,Large Growth ,LG,Domestic Equity - Large Core,,1.524,0.1,,0.1,,1.564,,,0,,1.644,,,0,,1.799,0.127,,0.127,,2.018,0.101,,0.101,,2.177,0.139,,0.139,,2.47,0.209,,0.209,,3.593,0.942,,0.942,,,,,,
Lazard Asset Management LLC,,Morgan Stanley,149777,,,U.S. Equity Select,F00000LNC14,Traditional,Trad,Large Growth ,LG,Domestic Equity - Large Core,,4.734,,2.292,-2.292,,3.665,,0.802,-0.802,,1.309,0.234,3.048,-2.814,,,,1.276,-1.276,,,,,0,,,,,0,,,,,0,,,,,0,,,,,,
Lazard Asset Management LLC,,Wells Fargo Investments,165024,,,U.S. Equity Select,F00000LNC22,Traditional,Trad,Large Growth ,LG,Domestic Equity - Large Core,,0.149,,,0,,0.151,,,0,,0.157,,,0,,0.159,,,0,,0.169,,,0,,0.171,,,0,,0.177,,,0,,0.185,,,0,,,,,,
Lazard Asset Management LLC,,Morgan Stanley,149777,,,U.S. Equity Value,FOUSA05Z5F,Model-Delivered,Model,Large Value ,LV,Domestic Equity - Large Cap,,,,,,,1.618,0.166,,0.166,,,,0.166,-0.166,,,,,0,,,,,0,,,,,0,,,,,0,,,,,0,,,,,,
Lazard Asset Management LLC,,SEI Investments,105146,,,U.S. Equity Value,FOUSA05Z5F,Model-Delivered,Model,Large Value ,LV,Domestic Equity - Large Cap,,48.341,2.052,1.464,0.588,,46.708,1.622,1.297,0.325,,52.3,1.186,1.32,-0.134,,55.667,1.389,0.549,0.84,,58.974,3.799,1.432,2.367,,58.733,2.5,1.39,1.11,,58.638,0.761,1.387,-0.626,,62.127,1.032,4.09,-3.058,,,,,,
Lazard Asset Management LLC,,Merrill,7691,,,Global Balanced Select ADR,FOUSA088KH,Dual,Dual,Allocation--50% to 70% Equity ,MA,Global Allocation )Global Balanced),,2.468,,,0,,2.404,,,0,,2.473,,,0,,2.273,,,0,,2.192,,,0,,2.273,,,0,,2.344,,,0,,2.423,,,0,,,,,,
Lazard Asset Management LLC,,UBS Financial Services,8174,,,Global Balanced Select ADR,FOUSA088KH,Dual,Dual,Allocation--50% to 70% Equity ,MA,Global Allocation )Global Balanced),,1.992,,,0,,2.007,,,0,,2.057,,,0,,2.526,,,0,,2.603,,,0,,2.648,,,0,,2.689,,,0,,2.7,,,0,,,,,,
Lazard Asset Management LLC,,Fidelity Investments,108252,,,LCAS Global Diversified 60/40 Non-taxable,FOUSA08845,Dual,Dual,Allocation--50% to 70% Equity ,MA,Tactical Asset Allocation Balanced,,1.215,,,0,,1.221,,,0,,1.252,,,0,,1.235,,,0,,1.302,,,0,,1.348,,,0,,1.406,,,0,,1.331,,0.112,-0.112,,,,,,
Lazard Asset Management LLC,,Fidelity Investments,108252,,,LCAS Global Diversified 60/40 Taxable,F00000N3DR,Dual,Dual,Allocation--50% to 70% Equity ,MA,Tactical Asset Allocation Balanced,,6.044,,,0,,5.933,,,0,,5.156,,,0,,5.102,,,0,,5.024,,,0,,5.191,,,0,,5.306,,,0,,5.497,,,0,,,,,,
Lazard Asset Management LLC,,Morgan Stanley,149777,,,Global Balanced Select ADR,FOUSA088KH,Model-Delivered,Model,Allocation--50% to 70% Equity ,MA,Global Allocation )Global Balanced),,78.422,3.74,,3.74,,80.136,1.761,0.999,0.762,,82.755,1.687,0.35,1.337,,76.533,1.51,1.636,-0.126,,90.03,,7.052,-7.052,,111.042,2.421,3.397,-0.976,,114.314,1.084,3.465,-2.381,,119.819,4.593,1.969,2.624,,,,,,
Lazard Asset Management LLC,,SEI Investments,105146,,,Global Balanced Select ADR,FOUSA088KH,Model-Delivered,Model,Allocation--50% to 70% Equity ,MA,Global Allocation )Global Balanced),,0.85,0.203,0.064,0.139,,1.229,,,0,,8.533,4.527,,4.527,,8.504,2.605,0.212,2.393,,9.48,,0.119,-0.119,,14.516,5.651,0.27,5.381,,16.133,1.334,0.543,0.791,,2.266,2.199,15.411,-13.212,,,,,,
Lazard Asset Management LLC,,Wells Fargo Advisors,11025,,,Global Balanced Select ADR,FOUSA088KH,Model-Delivered,Model,Allocation--50% to 70% Equity ,MA,Global Allocation )Global Balanced),,27.95,1.168,0.677,0.491,,27.614,1.487,0.232,1.255,,31.347,3.536,1.973,1.563,,28.392,0.655,0.933,-0.278,,28.85,,3.336,-3.336,,29.374,0.48,1.007,-0.527,,32.897,3.288,1.376,1.912,,37.771,5.001,0.703,4.298,,,,,,
Lazard Asset Management LLC,,Envestnet Asset Management Inc.,111694,,,LCAS Global Diversified 40/60 Non-taxable,F00000LZ7B,Model-Delivered,Model,Allocation--50% to 70% Equity ,MA,Tactical Asset Allocation Balanced,,3.318,0.131,,0.131,,3.515,0.109,,0.109,,3.591,,,0,,3.548,0.071,,0.071,,3.076,0.096,,0.096,,3.854,,,0,,3.843,,,0,,1.651,0.77,2.735,-1.965,,,,,,
Lazard Asset Management LLC,,Envestnet Asset Management Inc.,111694,,,LCAS Global Diversified 40/60 Taxable,F00000LZ6X,Model-Delivered,Model,Allocation--50% to 70% Equity ,MA,Tactical Asset Allocation Balanced,,6.852,0.522,,0.522,,6.788,,,0,,6.972,0.056,,0.056,,7.21,0.322,,0.322,,4.592,,,0,,7.893,,,0,,7.895,0.315,0.225,0.09,,4.616,0.818,4.007,-3.189,,,,,,
Lazard Asset Management LLC,,Envestnet Asset Management Inc.,111694,,,LCAS Global Diversified 60/40 Non-taxable,FOUSA08845,Model-Delivered,Model,Allocation--50% to 70% Equity ,MA,Tactical Asset Allocation Balanced,,15.816,5.033,,5.033,,16.262,0.236,,0.236,,19.239,,,0,,20.21,4.143,0.414,3.729,,21.721,0.199,,0.199,,23.001,0.511,,0.511,,25.154,0.911,,0.911,,15.347,8.313,20.416,-12.103,,,,,,
Lazard Asset Management LLC,,Envestnet Asset Management Inc.,111694,,,LCAS Global Diversified 60/40 Taxable,F00000N3DR,Model-Delivered,Model,Allocation--50% to 70% Equity ,MA,Tactical Asset Allocation Balanced,,15.433,1.404,,1.404,,15.709,0.053,,0.053,,16.216,,,0,,16.889,0.814,,0.814,,15.935,0.331,,0.331,,21.098,2.364,,2.364,,21.479,0.349,,0.349,,18.147,13.177,17.278,-4.101,,,,,,
Lazard Asset Management LLC,,Envestnet Asset Management Inc.,111694,,,LCAS Global Diversified 75/25 Non-taxable,F00000LZ7K,Model-Delivered,Model,Allocation--50% to 70% Equity,MA,Tactical Asset Allocation Balanced,,7.5,0.966,,0.966,,7.537,,,0,,7.817,,,0,,8.482,0.641,,0.641,,8.298,0.254,,0.254,,9.73,0.243,,0.243,,9.576,1.391,1.72,-0.329,,5.589,2.36,6.078,-3.718,,,,,,
Lazard Asset Management LLC,,"Lockwood Advisors, Inc.",106108,,,Global Balanced Select ADR,FOUSA088KH,Traditional,Trad,Allocation--50% to 70% Equity ,MA,Global Allocation )Global Balanced),,0.555,,0.49,-0.49,,0.464,,0.094,-0.094,,0.477,,,0,,0.465,,,0,,0.486,,,0,,0.601,0.1,,0.1,,0.604,,,0,,0.438,,0.182,-0.182,,,,,,
Lazard Asset Management LLC,,LPL Financial Services,6413,,,Global Balanced Select ADR,FOUSA088KH,Traditional,Trad,Allocation--50% to 70% Equity ,MA,Global Allocation )Global Balanced),,6.83,0.117,0.437,-0.32,,6.83,,0.127,-0.127,,6.238,,0.912,-0.912,,5.703,,0.331,-0.331,,5.174,,0.718,-0.718,,4.273,,1.015,-1.015,,4.357,,,0,,4.653,0.16,,0.16,,,,,,
Lazard Asset Management LLC,,Morgan Stanley,149777,,,Global Balanced Select ADR,FOUSA088KH,Traditional,Trad,Allocation--50% to 70% Equity ,MA,Global Allocation )Global Balanced),,11.697,,3.543,-3.543,,9.311,,2.462,-2.462,,3.694,,5.673,-5.673,,,,3.673,-3.673,,,,,0,,,,,0,,,,,0,,,,,0,,,,,,
Lazard Asset Management LLC,,Wells Fargo Investments,165024,,,Global Balanced Select ADR,FOUSA088KH,Traditional,Trad,Allocation--50% to 70% Equity ,MA,Global Allocation )Global Balanced),,5.718,,0.604,-0.604,,5.42,,,0,,5.402,,0.187,-0.187,,3.91,,,0,,3.262,,1.978,-1.978,,3.274,,,0,,3.036,,0.294,-0.294,,3.082,,,0,,,,,,
Lazard Asset Management LLC,,"Charles Schwab & Co., Inc.",5393,,,LCAS Global Diversified 60/40 Non-taxable,FOUSA08845,Traditional,Trad,Allocation--50% to 70% Equity,MA,Tactical Asset Allocation Balanced,,0.522,,,0,,0.68,,,0,,0.706,,,0,,0.701,,,0,,0.733,,,0,,0.759,,,0,,0.79,,,0,,0.82,,,0,,,,,,
Lazard Asset Management LLC,,"Charles Schwab & Co., Inc.",5393,,,LCAS Global Diversified 60/40 Taxable,F00000N3DR,Traditional,Trad,Allocation--50% to 70% Equity ,MA,Tactical Asset Allocation Balanced,,0.605,,,0,,0.408,,,0,,0.422,,,0,,0.419,,,0,,0.438,,,0,,0.403,,,0,,0.42,,,0,,0.436,,,0,,,,,,
Lazard Asset Management LLC,,JP Morgan Chase Bank,,,,Emerging Markets Equity Blend Asia ADR,F00000YHWF,Dual,Dual,Pacific/Asia ex-Japan Stk ,PJ,Pacific/Asia ex-Japan,,42.234,1.946,4.113,-2.167,,50.094,1.213,0.761,0.452,,57.837,1.7,1.377,0.323,,52.515,4.612,2.403,2.209,,65.365,2.85,3.675,-0.825,,86.639,14.339,2.719,11.62,,120.317,19.937,0.485,19.452,,148.422,20.934,5.685,15.249,,,,,,
Lazard Asset Management LLC,,JP Morgan Securities,79,,,Emerging Markets Equity Blend Asia ADR,F00000YHWF,Traditional,Trad,Pacific/Asia ex-Japan Stk ,PJ,Pacific/Asia ex-Japan,,0.541,,2.853,-2.853,,0.554,,,0,,0.624,,,0,,0.583,,,0,,0.123,,0.529,0,,0.68,0.7,0.126,0.574,,1.757,0.275,,0.275,,1.188,,,0,,,,,,
Lazard Asset Management LLC,,"Charles Schwab & Co., Inc.",5393,,,U.S. Small Midcap Equity,FOUSA05Z89,Dual,Dual,Small Growth ,SG,Domestic Equity - Small Mid Core,,0.756,,,0,,0.759,,,0,,0.804,,,0,,0.882,,,0,,0.846,,,0,,0.869,,,0,,,,0.862,-0.862,,,,,0,,,,,,
Lazard Asset Management LLC,,UBS Financial Services,8174,,,U.S. Small Midcap Equity,FOUSA05Z89,Dual,Dual,Small Growth ,SG,Domestic Equity - Small Mid Core,,0.345,,,0,,0.33,,,0,,0.335,,,0,,0.35,,,0,,0.345,,,0,,0.353,,,0,,0.357,,,0,,0.358,,,0,,,,,,
Lazard Asset Management LLC,,Envestnet Asset Management Inc.,111694,,,U.S. Small Midcap Equity,FOUSA05Z89,Model-Delivered,Model,Small Growth ,SG,Domestic Equity - Small Mid Core,,,,,,,,,,,,0.089,,,0,,,,,0,,,,,0,,0.707,0.599,,0.599,,0.65,,,0,,0.574,,0.1,-0.1,,,,,,
Lazard Asset Management LLC,,Fidelity Investments,108252,,,LCAS U.S. Centric 60/40 Taxable,F00000WB4C,Dual,Dual,Tactical Allocation ,TV,Tactical Asset Allocation Balanced,,0.292,,,0,,0.297,,,0,,0.307,,,0,,0.206,,,0,,0.215,,,0,,0.222,,,0,,0.231,,,0,,0.24,,,0,,,,,,
Lazard Asset Management LLC,,Envestnet Asset Management Inc.,111694,,,VOLT 14,F00000XNDU,Model-Delivered,Model,Tactical Allocation,TV,US Balanced/TAA,,,,,,,,,,,,,,,,,,,,,,,,,,,,,,,,,,,,,,,,,,,,,,
Lazard Asset Management LLC,,"Charles Schwab & Co., Inc.",5393,,,Global Equity Income ADR,F00000LNBR,Dual,Dual,World Large Stock ,WS,Global Equity - Unhedged,,0.447,,0.454,-0.454,,0.45,,,0,,0.48,,,0,,,,0.469,-0.469,,,,,0,,,,,0,,,,,0,,,,,0,,,,,,
Lazard Asset Management LLC,,Fidelity Investments,108252,,,Global Equity Income ADR,F00000LNBR,Dual,Dual,World Large Stock ,WS,Global Equity - Unhedged,,1.988,,,0,,0.794,,0.47,-0.47,,0.429,,1.137,-1.137,,0.435,,,0,,0.455,,,0,,0.465,,,0,,0.489,,,0,,0.509,,,0,,,,,,
Lazard Asset Management LLC,,TD Ameritrade,7870,,,Global Equity Income ADR,F00000LNBR,Dual,Dual,World Large Stock ,WS,Global Equity - Unhedged,,1.849,,,0,,1.861,,,0,,1.986,,,0,,1.858,,,0,,1.945,,,0,,1.801,,,0,,1.895,,,0,,2.13,,,0,,,,,,
Lazard Asset Management LLC,,"Charles Schwab & Co., Inc.",5393,,,Global Equity Select ADR,FOUSA08ZYE,Dual,Dual,World Large Stock ,WS,Global Equity - Unhedged,,1.508,,,0,,1.406,,0.128,-0.128,,1.473,,,0,,1.431,,,0,,1.536,,,0,,1.467,,,0,,1.537,,,0,,1.716,0.08,,0.08,,,,,,
Lazard Asset Management LLC,,Fidelity Investments,108252,,,Global Equity Select ADR,FOUSA08ZYE,Dual,Dual,World Large Stock ,WS,Global Equity - Unhedged,,3.723,,0.844,-0.844,,4.665,0.907,,0.907,,4.834,,,0,,4.684,,,0,,5.056,,,0,,5.328,,,0,,5.591,,,0,,5.945,,,0,,,,,,
Lazard Asset Management LLC,,JP Morgan Securities,79,,,Global Equity Select ADR,FOUSA08ZYE,Dual,Dual,World Large Stock ,WS,Global Equity - Unhedged,,,,,,,,,,,,,,,,,,,,,,,,,,,,,,,,,,,,,,,,,,,,,,
Lazard Asset Management LLC,,"Lockwood Advisors, Inc.",106108,,,Global Equity Select ADR,FOUSA08ZYE,Dual,Dual,World Large Stock ,WS,Global Equity - Unhedged,,0.369,0.64,,0.64,,0.376,,,0,,0.395,,,0,,,,0.395,-0.395,,1.872,1.85,,1.85,,7.821,5.165,,5.165,,11.628,2.79,,2.79,,16.726,3.2,,3.2,,,,,,
Lazard Asset Management LLC,,Merrill,7691,,,Global Equity Select ADR,FOUSA08ZYE,Dual,Dual,World Large Stock ,WS,Global Equity - Unhedged,,6.63,,,0,,6.759,,,0,,7.11,,,0,,,,7.11,-7.11,,,,,0,,,,,0,,,,,0,,,,,0,,,,,,
Lazard Asset Management LLC,,Morgan Stanley,149777,,,Global Equity Select ADR,FOUSA08ZYE,Dual,Dual,World Large Stock ,WS,Global Equity - Unhedged,,4.128,,,0,,4.053,,,0,,15.095,8.5,,8.5,,16.296,,,0,,21.009,2.9,,2.9,,22.517,,,0,,23.605,,,0,,26.189,,,0,,,,,,
Lazard Asset Management LLC,,TD Ameritrade,7870,,,Global Equity Select ADR,FOUSA08ZYE,Dual,Dual,World Large Stock ,WS,Global Equity - Unhedged,,0.1,,,0,,0.102,,,0,,0.107,,,0,,0.103,,,0,,0.111,,,0,,0.117,,,0,,0.122,,,0,,0.13,,,0,,,,,,
Lazard Asset Management LLC,,UBS Financial Services,8174,,,Global Equity Select ADR,FOUSA08ZYE,Dual,Dual,World Large Stock ,WS,Global Equity - Unhedged,,18.578,,0.195,-0.195,,18.044,0.294,0.97,-0.676,,18.736,,0.238,-0.238,,18.43,1.668,0.667,1.001,,19.754,,,0,,20.081,,0.657,-0.657,,21.293,0.302,0.655,-0.353,,22.255,1.409,1.383,0.026,,,,,,
Lazard Asset Management LLC,,Wells Fargo Advisors,11025,,,Global Equity Select ADR,FOUSA08ZYE,Dual,Dual,World Large Stock ,WS,Global Equity - Unhedged,,0.579,,,0,,0.413,,0.16,-0.16,,0.426,,,0,,0.408,,,0,,0.432,,,0,,0.45,,,0,,0.461,,,0,,0.483,,,0,,,,,,
Lazard Asset Management LLC,,"Charles Schwab & Co., Inc.",5393,,,LCAS Global Equity,FOUSA0886K,Dual,Dual,World Large Stock ,WS,Tactical Asset Allocation Balanced,,0.656,,,0,,0.665,,,0,,0.7,,,0,,0.43,0.272,,0.272,,0.456,,,0,,0.476,,,0,,0.5,,,0,,0.526,,,0,,,,,,
Lazard Asset Management LLC,,Fidelity Investments,108252,,,LCAS Global Equity,FOUSA0886K,Dual,Dual,World Large Stock ,WS,Tactical Asset Allocation Balanced,,0.871,,,0,,0.877,,,0,,0.923,,,0,,0.927,,,0,,0.976,,,0,,1.016,,,0,,1.067,,,0,,1.12,,,0,,,,,,
Lazard Asset Management LLC,,Merrill,7691,,,Global Equity Advantage,FOUSA06V33,Model-Delivered,Model,World Large Stock ,WS,World Large Core,,,,,,,,,,,,,,,,,,,,,,0.098,0.097,,0.097,,,,,0,,,,0.1,-0.1,,,,,0,,,,,,
Lazard Asset Management LLC,,Envestnet Asset Management Inc.,111694,,,Global Equity Income ADR,F00000LNBR,Model-Delivered,Model,World Large Stock ,WS,Global Equity - Unhedged,,1.961,0.264,0.42,-0.156,,1.956,,0.004,-0.004,,2.484,0.404,,0.404,,2.515,,,0,,2.619,,,0,,2.793,0.288,,0.288,,2.918,,0.195,-0.195,,3.19,0.152,,0.152,,,,,,
Lazard Asset Management LLC,,PNC Investments,129052,,,Global Equity Income ADR,F00000LNBR,Model-Delivered,Model,World Large Stock ,WS,Global Equity - Unhedged,,,,,,,,,,,,,,,,,0.654,,,0,,0.564,,,0,,0.848,0.254,,0.254,,0.88,,,0,,0.907,,,0,,,,,,
Lazard Asset Management LLC,,SEI Investments,105146,,,Global Equity Income ADR,F00000LNBR,Model-Delivered,Model,World Large Stock ,WS,Global Equity - Unhedged,,19.612,1.46,1.339,0.121,,17.93,0.837,0.596,0.241,,16.143,0.797,2.899,-2.102,,15.826,0.204,2.977,-2.773,,20.206,2.57,0.161,2.409,,15.572,0.978,4.796,-3.818,,15.528,0.365,0.798,-0.433,,,,14.353,-14.353,,,,,,
Lazard Asset Management LLC,,Stephens Inc.,3496,,,Global Equity Income ADR,F00000LNBR,Model-Delivered,Model,World Large Stock ,WS,Global Equity - Unhedged,,3.5,,0.325,-0.325,,3.304,0.352,,0.352,,3.734,,,0,,3.625,,,0,,3.622,,,0,,3.756,,0.107,-0.107,,3.302,,,0,,3.346,0.627,1.77,-1.143,,,,,,
Lazard Asset Management LLC,,Ameriprise Financial Services,6363,,,Global Equity Select ADR,FOUSA08ZYE,Model-Delivered,Model,World Large Stock ,WS,Global Equity - Unhedged,,78.204,16.402,1.663,14.739,,97.747,13.75,1.675,12.075,,117.856,20.788,6.162,14.626,,113.902,8.023,3.673,4.35,,103.886,15.175,9.969,5.206,,113.552,8.939,4.412,4.527,,136.877,14.511,2.126,12.385,,155.328,14.691,1.829,12.862,,,,,,
Lazard Asset Management LLC,,BMO Global Asset Management (Asia) Limited,107507,,,Global Equity Select ADR,FOUSA08ZYE,Model-Delivered,Model,World Large Stock ,WS,Global Equity - Unhedged,,10.994,,,0,,9.709,,,0,,8.999,,,0,,9.212,,,0,,9.06,,,0,,9.777,,,0,,9.123,,,0,,9.355,,,0,,,,,,
Lazard Asset Management LLC,,BMO Nesbitt Burns,281337,,,Global Equity Select ADR,FOUSA08ZYE,Model-Delivered,Model,World Large Stock ,WS,Global Equity - Unhedged,,42.725,2.641,0.882,1.759,,43.196,0.835,1.4,-0.565,,48.61,0.958,1.649,-0.691,,47.123,0.302,1.553,-1.251,,53.804,1.044,1.511,-0.467,,57.593,0.213,2.543,-2.33,,63.912,0.387,1.935,-1.548,,65.525,0.13,2.016,-1.886,,,,,,
Lazard Asset Management LLC,,"Brinker Capital, Inc.",111743,,,Global Equity Select ADR,FOUSA08ZYE,Model-Delivered,Model,World Large Stock ,WS,Global Equity - Unhedged,,,,,,,,,,,,,,,,,,,,,,,,,,,,,,,,4.042,,,0,,4.035,,,0,,,,,,
Lazard Asset Management LLC,,CIBC Asset Management Inc.,106508,,,Global Equity Select ADR,FOUSA08ZYE,Model-Delivered,Model,World Large Stock ,WS,Global Equity - Unhedged,,140.189,,,0,,143.063,,,0,,131.967,,,0,,127.918,,,0,,129.756,,,0,,136.693,,,0,,142.321,,,0,,151.942,,,0,,,,,,
Lazard Asset Management LLC,,AvisoWealth (Credential),108146,,,Global Equity Select ADR,FOUSA08ZYE,Model-Delivered,Model,World Large Stock ,WS,Global Equity - Unhedged,,,,,,,,,,,,,,,,,0.911,0.102,,0.102,,3.591,,,0,,4.062,,,0,,5.35,,,0,,7.294,,,0,,,,,,
Lazard Asset Management LLC,,AvisoWealth (Credential),108146,,,Global Equity Select ADR,FOUSA08ZYE,Model-Delivered,Model,World Large Stock ,WS,Global Equity - Unhedged,,1.085,,,0,,0.747,,,0,,0.437,,,0,,0.415,,,0,,,,,0,,,,0.444,-0.444,,,,,0,,,,,0,,,,,,
Lazard Asset Management LLC,,Envestnet Asset Management Inc.,111694,,,Global Equity Select ADR,FOUSA08ZYE,Model-Delivered,Model,World Large Stock ,WS,Global Equity - Unhedged,,30.794,12.35,2.376,9.974,,29.845,0.061,0.552,-0.491,,27.629,0.166,3.596,-3.43,,22.518,1.067,2.233,-1.166,,16.67,0.673,5.113,-4.44,,24.746,0.933,0.939,-0.006,,23.06,1.215,1.841,-0.626,,22.6,1.535,5.383,-3.848,,,,,,
Lazard Asset Management LLC,,Janney Montgomery Scott,463,,,Global Equity Select ADR,FOUSA08ZYE,Model-Delivered,Model,World Large Stock ,WS,Global Equity - Unhedged,,2.146,,,0,,2.011,,,0,,2.022,,0.193,-0.193,,1.916,,,0,,2.186,0.399,0.146,0.253,,2.469,0.071,,0.071,,2.472,0.093,,0.093,,2.679,0.077,,0.077,,,,,,
Lazard Asset Management LLC,,Merrill,7691,,,Global Equity Select ADR,FOUSA08ZYE,Model-Delivered,Model,World Large Stock ,WS,Global Equity - Unhedged,,311.47,3.221,13.167,-9.946,,312.485,12.138,6.257,5.881,,339.053,11.531,11.289,0.242,,321.315,8.051,12.638,-4.587,,335.343,8.25,14.536,-6.286,,350.225,7.683,12.505,-4.822,,370.827,6.587,6.37,0.217,,387.899,7.275,10.934,-3.659,,,,,,
Lazard Asset Management LLC,,Morgan Stanley,149777,,,Global Equity Select ADR,FOUSA08ZYE,Model-Delivered,Model,World Large Stock ,WS,Global Equity - Unhedged,,537.619,141.187,2.376,138.811,,602.601,62.043,3.04,59.003,,695.543,67.89,5.932,61.958,,686.418,23.515,5.105,18.41,,726.409,39.108,30.398,8.71,,738.944,23.829,29.705,-5.876,,784.261,38.081,26.545,11.536,,845.703,37.506,36.426,1.08,,,,,,
Lazard Asset Management LLC,,"Raymond James & Associates, Inc.",705,,,Global Equity Select ADR,FOUSA08ZYE,Model-Delivered,Model,World Large Stock ,WS,Global Equity - Unhedged,,45.652,6.544,,6.544,,48.075,1.582,1.779,-0.197,,49.306,2.507,0.7,1.807,,51.143,1.931,0.411,1.52,,56.525,4.74,2.266,2.474,,65.98,4.776,1.869,2.907,,67.048,6.591,1.867,4.724,,82.595,11.732,0.365,11.367,,,,,,
Lazard Asset Management LLC,,Raymond James Canada,25853,,,Global Equity Select ADR,FOUSA08ZYE,Model-Delivered,Model,World Large Stock ,WS,Global Equity - Unhedged,,2.502,,,0,,2.549,,,0,,3.553,,,0,,3.579,,,0,,5.293,,,0,,5.841,,,0,,7.106,,,0,,8.481,,,0,,,,,,
Lazard Asset Management LLC,,RBC Wealth Management,31194,,,Global Equity Select ADR,FOUSA08ZYE,Model-Delivered,Model,World Large Stock ,WS,Global Equity - Unhedged,,15.106,0.438,,0.438,,14.855,0.726,0.957,-0.231,,15.264,0.21,0.538,-0.328,,14.632,0.096,0.525,-0.429,,12.8,0.336,0.16,0.176,,13.346,,2.587,-2.587,,14.154,,0.113,-0.113,,17.092,2.262,,2.262,,,,,,
Lazard Asset Management LLC,,Richardson GMP,166090,,,Global Equity Select ADR,FOUSA08ZYE,Model-Delivered,Model,World Large Stock ,WS,Global Equity - Unhedged,,23.062,,,0,,22.356,,,0,,22.202,,,0,,21.496,,,0,,23.268,,,0,,23.618,,,0,,24.814,,,0,,26.165,,,0,,,,,,
Lazard Asset Management LLC,,Wells Fargo Advisors,11025,,,Global Equity Select ADR,FOUSA08ZYE,Model-Delivered,Model,World Large Stock ,WS,Global Equity - Unhedged,,304.209,3.231,8.885,-5.654,,3.6.278,4.265,10.614,-6.349,,300.537,45.988,42.458,3.53,,285.965,5.079,7.83,-2.751,,292.391,9.273,18.732,-9.459,,304.742,4.485,12.064,-7.579,,319.033,6.67,31.089,-24.419,,334.049,4.593,7.087,-2.494,,,,,,
Lazard Asset Management LLC,,Envestnet Asset Management Inc.,111694,,,LCAS Global Equity,FOUSA0886K,Model-Delivered,Model,World Large Stock ,WS,Tactical Asset Allocation Balanced,,4.416,0.584,0.206,0.378,,4.422,,,0,,4.145,0.093,0.617,-0.524,,3.715,0.054,0.555,-0.501,,1.875,,0.35,-0.35,,3.564,0.082,0.06,0.022,,3.751,0.307,0.268,0.039,,,,3.751,-3.751,,,,,,
Lazard Asset Management LLC,,"Charles Schwab & Co., Inc.",5393,,,Global Equity Income ADR,F00000LNBR,Traditional,Trad,World Large Stock ,WS,Global Equity - Unhedged,,12.775,0.301,1.826,-1.525,,12.558,0.416,0.69,-0.274,,13.909,1.115,0.7,0.415,,14.254,0.427,0.271,0.156,,15.504,0.445,0.212,0.233,,16.389,0.495,,0.495,,18.594,1.784,0.769,1.015,,19.797,0.455,0.477,-0.022,,,,,,
Lazard Asset Management LLC,,"Brinker Capital, Inc.",111743,,,Global Equity Select ADR,FOUSA08ZYE,Traditional,Trad,World Large Stock ,WS,Global Equity - Unhedged,,5.38,,,0,,5.153,,0.264,-0.264,,5.071,,0.256,-0.256,,3.748,,1.107,-1.107,,,,3.956,-3.956,,,3.783,,3.783,,,,,0,,,,,0,,,,,,
Lazard Asset Management LLC,,"Charles Schwab & Co., Inc.",5393,,,Global Equity Select ADR,FOUSA08ZYE,Traditional,Trad,World Large Stock ,WS,Global Equity - Unhedged,,28.011,3.024,0.58,2.444,,29.715,1.842,1.202,0.64,,34.395,3.573,0.658,2.915,,35.553,2.24,0.454,1.786,,37.632,2.099,2.078,0.021,,39.939,0.831,2.286,-1.455,,42.914,1.37,0.473,0.897,,47.426,3.895,2.62,1.275,,,,,,
Lazard Asset Management LLC,,"Lockwood Advisors, Inc.",106108,,,Global Equity Select ADR,FOUSA08ZYE,Traditional,Trad,World Large Stock ,WS,Global Equity - Unhedged,,8.551,,2.533,-2.533,,7.23,,1.397,-1.397,,5.903,,1.606,-1.606,,5.956,0.44,0.149,0.291,,7.078,0.709,,0.709,,6.366,,1.063,-1.063,,7.074,0.391,,0.391,,7.206,,0.184,-0.184,,,,,,
Lazard Asset Management LLC,,LPL Financial Services,6413,,,Global Equity Select ADR,FOUSA08ZYE,Traditional,Trad,World Large Stock ,WS,Global Equity - Unhedged,,5.061,0.153,0.94,-0.787,,4.737,0.109,0.468,-0.359,,4.86,,,0,,4.967,,,0,,4.549,,0.784,-0.784,,4.864,0.098,,0.098,,5.492,0.395,,0.395,,5.879,0.546,0.396,0.15,,,,,,
Lazard Asset Management LLC,,Morgan Stanley,149777,,,Global Equity Select ADR,FOUSA08ZYE,Traditional,Trad,World Large Stock ,WS,Global Equity - Unhedged,,78.928,33.614,16.799,16.815,,60.833,,23.828,-23.828,,19.297,1.291,44.966,-43.675,,,,19.565,-19.565,,,,,0,,,,,0,,,,,0,,,,,0,,,,,,
Lazard Asset Management LLC,,Wells Fargo Investments,165024,,,Global Equity Select ADR,FOUSA08ZYE,Traditional,Trad,World Large Stock ,WS,Global Equity - Unhedged,,2.661,,,0,,2.677,,,0,,2.742,,0.044,-0.044,,2.652,,,0,,2.317,,,0,,2.432,,0.525,-0.525,,2.923,,,0,,3.073,,,0,,,,,,
Lazard Asset Management LLC,,"Charles Schwab & Co., Inc.",5393,,,LCAS Global Equity,FOUSA0886K,Traditional,Trad,World Large Stock ,WS,Tactical Asset Allocation Balanced,,0.177,,,0,,0.179,,,0,,0.188,,,0,,0.462,,,0,,0.488,,,0,,0.507,,,0,,0.531,,,0,,0.557,,,0,,,,,,
Lazard Asset Management LLC,,Merrill,7691,,,Global Listed Infrastructure USD Hedge,F00000N3DQ,Dual,Dual,Infrastructure,XO,,,0.371,,,0,,0.363,,,0,,0.378,,,0,,0.39,,,0,,0.433,,,0,,0.456,,,0,,0.478,,,0,,0.479,,,0,,,,,,
Lazard Asset Management LLC,,Northern Trust,7927,,,Global Listed Infrastructure USD Hedge,F00000N3DQ,Dual,Dual,Infrastructure,XO,,,0.972,,,0,,,,,0,,,,,0,,,,,0,,,,,0,,,,,0,,,,,0,,,,,0,,,,,,
Lazard Asset Management LLC,,Fidelity Investments,108252,,,LCAS Global Fixed Income Non-taxable,F00000LZA7,Dual,Dual,Allocation--15% to 30% Equity ,XY,Tactical Asset Allocation Balanced,,0.15,,,0,,0.153,,,0,,0.155,,,0,,0.151,,,0,,0.154,,,0,,0.157,,,0,,0.16,,,0,,0.162,,,0,,,,,,
Lazard Asset Management LLC,,Envestnet Asset Management Inc.,111694,,,LCAS Global Fixed Income Non-taxable,F00000LZA7,Model-Delivered,Model,Allocation--15% to 30% Equity ,XY,Tactical Asset Allocation Balanced,,1.371,0.169,,0.169,,1.391,,,0,,1.456,,,0,,1.966,0.497,,0.497,,1.549,0.078,,0.078,,2.284,0.021,,0.021,,2.482,0.087,,0.087,,0.726,0.717,0.053,0.664,,,,,,
Lazard Asset Management LLC,,Envestnet Asset Management Inc.,111694,,,LCAS Global Fixed Income Taxable,F00000MUIU,Model-Delivered,Model,Allocation--15% to 30% Equity ,XY,Tactical Asset Allocation Balanced,,0.728,,,0,,0.479,,,0,,0.483,,0.268,#REF!,,0.422,,,0,,0.429,,0.047,-0.047,,0.215,,0.216,-0.216,,0.103,,0.114,-0.114,,,,0.103,-0.103,,,,,,
Lazard Asset Management LLC,,Morgan Stanley,149777,,,Emerging Markets Equity Select ADR/GDR,Not in M*,Dual,Dual,,EM,,,17.146,,,0,,17.923,,,0,,19.427,,,0,,18.796,,,0,,21.092,,,0,,21.453,,,0,,22.822,,,0,,24.502,,,0,,,,,,
Lazard Asset Management LLC,,Wells Fargo Advisors,11025,,,Emerging Markets Equity Select ADR/GDR,Not in M*,Dual,Dual,,EM,,,39.455,,,0,,86.751,,,0,,95.188,,,0,,91.752,,,0,,93.027,,,0,,140.06,,,0,,150.524,,,0,,202.11,,,0,,,,,,
Lazard Asset Management LLC,,Morgan Stanley,149777,,,International Equity Select Plus ADR,Not in M*,Dual,Dual,,TBD,,,13.704,,,0,,13.832,,,0,,14.429,,,0,,13.821,,,0,,14.877,,,0,,15.737,,,0,,16.65,,,0,,17.443,,,0,,,,,,
Lazard Asset Management LLC,,RBC Wealth Management,31194,,,International Equity Select Plus ADR,Not in M*,Dual,Dual,,TBD,,,2.919,,,0,,2.453,,,0,,2.524,,,0,,2.419,,,0,,2.572,,,0,,2.735,,,0,,2.889,,,0,,3.017,,,0,,,,,,
Lazard Asset Management LLC,,"Charles Schwab & Co., Inc.",5393,,,International Equity Select Plus ADR (EAFE),Not in M*,Dual,Dual,,TBD,,,0.364,,,0,,0.365,,,0,,0.378,,,0,,0.361,,,0,,,,0.361,-0.361,,,,,0,,,,,0,,,,,0,,,,,,
Lazard Asset Management LLC,,Morgan Stanley,149777,,,International Equity Select Plus ADR (EAFE),Not in M*,Dual,Dual,,TBD,,,23.807,,,0,,23.845,,,0,,24.633,,,0,,23.531,,,0,,25.158,,,0,,25.877,,,0,,26.277,,,0,,26.683,,,0,,,,,,
Lazard Asset Management LLC,,Merrill,7691,,,International Fixed Income,closed,Dual,Dual,,TBD,,,17.57,,,0,,17.542,,,0,,17.676,,,0,,16.713,,,0,,17.07,,,0,,17.594,,,0,,17.917,,,0,,18.132,,,0,,,,,,
Lazard Asset Management LLC,,Fidelity Investments,108252,,,LCAS Global Diversified,Not in M*,Dual,Dual,,TBD,,,,,,,,,,,,,,,,,,,,,,,,,,,,0.085,,,0,,,,0.085,-0.085,,,,,0,,,,,,
Lazard Asset Management LLC,,"Charles Schwab & Co., Inc.",5393,,,U.S. Equity Select (PCG),Not in M*,Dual,Dual,,TBD,,,,,,,,,,,,,,,,,,,,,,,,,,,,,,,,,,,,,,0.776,,,0,,,,,,
Lazard Asset Management LLC,,"Charles Schwab & Co., Inc.",5393,,,U.S. Equity Ultra Concentrated,Not in M*,Dual,Dual,,TBD,,,,,,,,,,,,,,,,,,,,,,,,,,,,,,,,,,,,,,,,,,,,,,,
Lazard Asset Management LLC,,"Charles Schwab & Co., Inc.",5393,,,U.S. Tax-exempt,Not in M*,Dual,Dual,,TBD,,,117.373,2.029,1.529,0.5,,124.542,0.945,0.549,0.396,,120.264,,0.87,-0.87,,115.725,,0.304,-0.304,,102.044,,9.095,-9.095,,98.642,,,0,,96.719,,,0,,92.331,,2.566,-2.566,,,,,,
Lazard Asset Management LLC,,Fidelity Investments,108252,,,U.S. Tax-exempt,Not in M*,Dual,Dual,,TBD,,,2.503,,,0,,2.527,,,0,,2.518,,,0,,2.456,,,0,,2.989,0.506,,0.506,,3.02,,,0,,3.032,,,0,,3.014,,,0,,,,,,
Lazard Asset Management LLC,,TD Ameritrade,7870,,,U.S. Tax-exempt,Not in M*,Dual,Dual,,TBD,,,51.685,,,0,,50.007,,1.723,-1.723,,49.73,10.086,,10.086,,41.161,,10.607,-10.607,,40.767,,,0,,46.126,,0.894,-0.894,,38.42,,,0,,39.345,,1.271,-1.271,,,,,,
Lazard Asset Management LLC,,UBS Financial Services,8174,,,U.S. Tax-exempt,Not in M*,Dual,Dual,,TBD,,,18.56,,,0,,18.527,,,0,,18.35,,,0,,17.815,,,0,,19.74,,,0,,19.774,,,0,,19.79,,,0,,19.51,,,0,,,,,,
Lazard Asset Management LLC,,Envestnet Asset Management Inc.,111694,,,LCAS Global Diversified,Not in M*,Model-Delivered,Model,,TBD,,,,,,,,,,,,,,,,,,,,,,,,,,,,0.657,,3.078,-3.078,,,,1.323,-1.323,,,,,0,,,,,,
Lazard Asset Management LLC,,BBVA Securities Inc.,270606,,,U.S. Equity Select (PCG),Not in M*,Model-Delivered,Model,,TBD,,,,,,,,,,,,,,,,,,8.9,8.9,,8.9,,15.757,,,0,,16.992,,,0,,17.861,,,0,,22.48,,,0,,,,,,
Lazard Asset Management LLC,,Equitable Trust Co.,,,,U.S. Equity Ultra Concentrated,Not in M*,Model-Delivered,Model,,TBD,,,38.644,,,0,,41.129,,,0,,44.871,,,0,,44.776,,,0,,48.643,,,0,,50.246,,,0,,50.841,,,0,,52.98,,,0,,,,,,
Lazard Asset Management LLC,,Envestnet Asset Management Inc.,111694,,,U.S. Realty Equity,Not in M*,Model-Delivered,Model,,TBD,,,,,,,,,,,,,,,,,,,,,,,,,,,,,,,,,,,,,,,3.685,2.584,1.101,,,,,,
Lazard Asset Management LLC,,RBC Wealth Management,31194,,,U.S. Realty Equity,Not in M*,Model-Delivered,Model,,TBD,,,9.285,0.42,0.276,0.144,,9.74,,0.619,-0.619,,9.218,0.842,1.132,-0.29,,9.855,,0.272,-0.272,,10.147,,0.659,-0.659,,10.095,,0.094,-0.094,,16.751,4.69,0.308,4.382,,17.64,2.992,0.193,2.799,,,,,,
Lazard Asset Management LLC,,Genworth Financial Wealth Management,109018,,,U.S. Realty Equity Concentrated,Not in M*,Model-Delivered,Model,,TBD,,,78.465,,,0,,84.892,,,0,,89.408,,,0,,101.271,,,0,,117.287,,,0,,129.703,,,0,,135.191,,,0,,,,135.191,-135.191,,,,,,
Lazard Asset Management LLC,,Kayne Anderson,104599,,,U.S. Realty Equity Concentrated,Not in M*,Model-Delivered,Model,,TBD,,,27.777,,,0,,34.708,,,0,,32.377,,,0,,36.404,,,0,,38.055,,,0,,38.781,,,0,,38.107,,,0,,40.14,,,0,,,,,,
